transaction_id,date,product_id,customer_id,quantity,unit_price,region,sales_rep,payment_method,total_amount
TXN000789,2024-01-01,PRD008,CUST0185,5,67.02,North,David Lee,Credit Card,335.09999999999997
TXN000385,2024-01-01,PRD011,CUST0130,4,15.69,West,Lisa Martinez,Debit Card,62.76
TXN000408,2024-01-01,PRD049,CUST0164,8,181.81,South,Lisa Martinez,Credit Card,1454.48
TXN000128,2024-01-01,PRD031,CUST0142,7,426.11,West,Mary Johnson,Cash,2982.77
TXN000838,2024-01-02,PRD043,CUST0173,1,350.57,Central,John Smith,Credit Card,350.57
TXN000307,2024-01-02,PRD044,CUST0123,7,347.06,West,Robert Garcia,Cash,2429.42
TXN000116,2024-01-02,PRD033,CUST0187,7,54.88,East,David Lee,Cash,384.16
TXN000223,2024-01-02,PRD007,CUST0029,6,443.06,North,Michael Brown,Cash,2658.36
TXN000714,2024-01-02,PRD006,CUST0049,6,61.01,North,Robert Garcia,Credit Card,366.06
TXN000444,2024-01-03,PRD029,CUST0079,7,117.41,South,Michael Brown,Debit Card,821.87
TXN000165,2024-01-04,PRD047,CUST0156,1,444.13,South,Robert Garcia,Debit Card,444.13
TXN000499,2024-01-04,PRD042,CUST0114,4,186.02,North,Michael Brown,Wire Transfer,744.08
TXN000022,2024-01-04,PRD048,CUST0147,6,23.0,South,Mary Johnson,Debit Card,138.0
TXN000314,2024-01-05,PRD015,CUST0070,4,314.25,East,Mary Johnson,Debit Card,1257.0
TXN000945,2024-01-05,PRD046,CUST0163,6,325.51,South,John Smith,Cash,1953.06
TXN000285,2024-01-05,PRD040,CUST0185,4,88.77,East,Jennifer Davis,PayPal,355.08
TXN000268,2024-01-05,PRD025,CUST0064,1,332.64,West,Mary Johnson,Cash,332.64
TXN000921,2024-01-05,PRD045,CUST0099,8,478.69,West,Robert Garcia,Debit Card,3829.52
TXN000107,2024-01-06,PRD005,CUST0173,7,347.32,Central,Robert Garcia,Cash,2431.24
TXN000616,2024-01-06,PRD017,CUST0194,6,337.42,Central,Sarah Wilson,Credit Card,2024.52
TXN000580,2024-01-07,PRD047,CUST0098,2,332.85,North,John Smith,Debit Card,665.7
TXN000672,2024-01-07,PRD014,CUST0119,2,304.79,North,David Lee,Cash,609.58
TXN000810,2024-01-08,PRD012,CUST0003,2,384.76,East,Sarah Wilson,Credit Card,769.52
TXN000986,2024-01-08,PRD006,CUST0034,7,469.32,Central,John Smith,Cash,3285.24
TXN000211,2024-01-08,PRD019,CUST0135,2,471.94,South,Jennifer Davis,Debit Card,943.88
TXN000663,2024-01-08,PRD049,CUST0048,8,287.98,East,Jennifer Davis,Credit Card,2303.84
TXN000871,2024-01-08,PRD037,CUST0097,6,272.3,West,Robert Garcia,Debit Card,1633.8000000000002
TXN000627,2024-01-09,PRD006,CUST0154,2,294.28,Central,Lisa Martinez,Debit Card,588.56
TXN000131,2024-01-10,PRD044,CUST0099,9,118.39,South,Lisa Martinez,Cash,1065.51
TXN000539,2024-01-10,PRD006,CUST0009,7,231.58,Central,John Smith,Credit Card,1621.0600000000002
TXN000162,2024-01-11,PRD042,CUST0133,6,397.45,West,Lisa Martinez,Credit Card,2384.7
TXN000756,2024-01-11,PRD045,CUST0005,8,124.97,Central,John Smith,Cash,999.76
TXN000548,2024-01-11,PRD012,CUST0166,2,476.39,Central,Sarah Wilson,Credit Card,952.78
TXN000496,2024-01-11,PRD039,CUST0043,7,436.67,East,Robert Garcia,Credit Card,3056.69
TXN000942,2024-01-12,PRD005,CUST0199,9,69.48,East,David Lee,Credit Card,625.32
TXN000431,2024-01-13,PRD005,CUST0150,8,49.26,North,David Lee,Debit Card,394.08
TXN000338,2024-01-13,PRD015,CUST0002,4,343.44,Central,Lisa Martinez,Debit Card,1373.76
TXN000356,2024-01-13,PRD046,CUST0147,1,190.58,East,Mary Johnson,Credit Card,190.58
TXN000997,2024-01-13,PRD006,CUST0023,1,299.27,South,Sarah Wilson,Wire Transfer,299.27
TXN000002,2024-01-13,PRD030,CUST0149,4,339.23,West,Sarah Wilson,Credit Card,1356.92
TXN000517,2024-01-14,PRD010,CUST0144,8,221.13,West,Sarah Wilson,PayPal,1769.04
TXN000519,2024-01-14,PRD020,CUST0173,6,312.4,Central,Lisa Martinez,PayPal,1874.3999999999999
TXN000753,2024-01-14,PRD050,CUST0057,8,335.81,Central,Mary Johnson,Credit Card,2686.48
TXN000563,2024-01-14,PRD048,CUST0046,9,339.58,Central,Robert Garcia,Credit Card,3056.22
TXN000016,2024-01-14,PRD035,CUST0198,2,110.44,East,David Lee,Cash,220.88
TXN000806,2024-01-15,PRD028,CUST0060,2,432.39,North,Lisa Martinez,Cash,864.78
TXN000605,2024-01-15,PRD050,CUST0173,1,169.05,Central,Mary Johnson,Credit Card,169.05
TXN000367,2024-01-15,PRD045,CUST0127,7,74.31,South,John Smith,Credit Card,520.1700000000001
TXN000510,2024-01-15,PRD043,CUST0117,9,232.36,North,Jennifer Davis,Debit Card,2091.2400000000002
TXN000897,2024-01-15,PRD045,CUST0072,4,347.19,West,Sarah Wilson,Cash,1388.76
TXN000011,2024-01-16,PRD020,CUST0011,8,363.91,North,John Smith,Debit Card,2911.28
TXN000545,2024-01-16,PRD002,CUST0197,8,493.45,East,John Smith,Credit Card,3947.6
TXN000010,2024-01-17,PRD003,CUST0145,4,129.15,East,Jennifer Davis,Debit Card,516.6
TXN000072,2024-01-17,PRD036,CUST0013,7,335.87,East,David Lee,Cash,2351.09
TXN000170,2024-01-17,PRD027,CUST0082,6,20.42,West,John Smith,Debit Card,122.52000000000001
TXN000719,2024-01-17,PRD035,CUST0123,4,51.97,Central,Sarah Wilson,Credit Card,207.88
TXN000959,2024-01-18,PRD030,CUST0022,4,464.76,West,Mary Johnson,Debit Card,1859.04
TXN000318,2024-01-19,PRD001,CUST0190,3,484.75,West,David Lee,Credit Card,1454.25
TXN000780,2024-01-19,PRD042,CUST0165,1,229.13,West,Michael Brown,Credit Card,229.13
TXN000862,2024-01-19,PRD039,CUST0176,5,369.47,North,Jennifer Davis,Credit Card,1847.3500000000001
TXN000885,2024-01-19,PRD034,CUST0025,4,83.52,East,John Smith,Credit Card,334.08
TXN000347,2024-01-20,PRD028,CUST0194,1,204.82,North,Jennifer Davis,PayPal,204.82
TXN000372,2024-01-20,PRD016,CUST0003,9,245.95,West,Sarah Wilson,Wire Transfer,2213.5499999999997
TXN000749,2024-01-21,PRD035,CUST0081,9,57.37,South,Sarah Wilson,Credit Card,516.3299999999999
TXN000544,2024-01-21,PRD024,CUST0035,5,82.69,East,John Smith,Cash,413.45
TXN000956,2024-01-21,PRD042,CUST0150,4,331.67,Central,Jennifer Davis,Debit Card,1326.68
TXN000758,2024-01-21,PRD041,CUST0142,2,84.68,Central,David Lee,Wire Transfer,169.36
TXN000326,2024-01-21,PRD019,CUST0164,6,387.5,North,Michael Brown,Debit Card,2325.0
TXN000252,2024-01-21,PRD023,CUST0045,7,252.98,North,John Smith,Credit Card,1770.86
TXN000573,2024-01-22,PRD010,CUST0077,2,435.76,North,Robert Garcia,Credit Card,871.52
TXN000323,2024-01-22,PRD009,CUST0172,6,20.84,Central,Michael Brown,PayPal,125.03999999999999
TXN000306,2024-01-23,PRD044,CUST0192,7,469.24,South,Mary Johnson,Cash,3284.6800000000003
TXN000037,2024-01-23,PRD003,CUST0077,4,154.29,West,Jennifer Davis,PayPal,617.16
TXN000855,2024-01-23,PRD050,CUST0104,1,74.05,Central,Jennifer Davis,Debit Card,74.05
TXN000383,2024-01-23,PRD022,CUST0127,6,162.08,Central,Jennifer Davis,Credit Card,972.48
TXN000898,2024-01-24,PRD032,CUST0140,5,224.43,Central,Robert Garcia,Credit Card,1122.15
TXN000666,2024-01-24,PRD029,CUST0122,3,246.94,Central,Michael Brown,Debit Card,740.8199999999999
TXN000432,2024-01-24,PRD031,CUST0186,3,448.46,West,Sarah Wilson,Credit Card,1345.3799999999999
TXN000046,2024-01-24,PRD044,CUST0119,3,21.01,West,Jennifer Davis,Credit Card,63.03
TXN000096,2024-01-25,PRD021,CUST0118,3,138.51,North,Sarah Wilson,Debit Card,415.53
TXN000946,2024-01-26,PRD047,CUST0070,5,269.85,South,John Smith,Debit Card,1349.25
TXN000451,2024-01-26,PRD006,CUST0080,9,282.13,East,Sarah Wilson,Credit Card,2539.17
TXN000238,2024-01-26,PRD042,CUST0189,2,439.96,South,Lisa Martinez,Debit Card,879.92
TXN000210,2024-01-26,PRD004,CUST0044,1,123.52,West,Mary Johnson,Debit Card,123.52
TXN000525,2024-01-26,PRD039,CUST0001,5,335.26,West,Lisa Martinez,Credit Card,1676.3
TXN000679,2024-01-27,PRD008,CUST0035,2,421.53,Central,Sarah Wilson,Credit Card,843.06
TXN000302,2024-01-27,PRD023,CUST0089,8,177.52,Central,Michael Brown,Credit Card,1420.16
TXN000798,2024-01-27,PRD032,CUST0020,1,207.46,East,David Lee,Credit Card,207.46
TXN000540,2024-01-27,PRD042,CUST0074,9,467.6,East,David Lee,PayPal,4208.400000000001
TXN000687,2024-01-28,PRD027,CUST0116,4,337.1,South,Michael Brown,Debit Card,1348.4
TXN000191,2024-01-28,PRD007,CUST0107,3,155.19,East,Lisa Martinez,Cash,465.57
TXN000667,2024-01-28,PRD040,CUST0062,2,404.94,South,Lisa Martinez,Credit Card,809.88
TXN000792,2024-01-28,PRD026,CUST0048,8,440.21,North,Robert Garcia,Cash,3521.68
TXN000900,2024-01-29,PRD008,CUST0169,5,422.03,Central,Robert Garcia,Credit Card,2110.1499999999996
TXN000070,2024-01-29,PRD005,CUST0037,1,302.73,West,Michael Brown,Cash,302.73
TXN000234,2024-01-30,PRD050,CUST0129,3,273.12,East,Sarah Wilson,Debit Card,819.36
TXN000136,2024-01-30,PRD005,CUST0072,7,463.37,South,Lisa Martinez,Cash,3243.59
TXN000237,2024-01-30,PRD044,CUST0121,9,54.83,West,John Smith,Debit Card,493.46999999999997
TXN000242,2024-01-30,PRD043,CUST0036,3,478.27,West,Lisa Martinez,Credit Card,1434.81
TXN000220,2024-01-31,PRD043,CUST0009,3,181.56,Central,Michael Brown,Debit Card,544.6800000000001
TXN000703,2024-01-31,PRD019,CUST0151,2,301.29,North,John Smith,Credit Card,602.58
TXN000735,2024-01-31,PRD023,CUST0092,8,173.17,East,Robert Garcia,Cash,1385.36
TXN000167,2024-01-31,PRD028,CUST0036,3,124.15,East,David Lee,Credit Card,372.45000000000005
TXN000492,2024-02-01,PRD027,CUST0052,1,98.68,East,Jennifer Davis,Cash,98.68
TXN000193,2024-02-01,PRD048,CUST0079,7,30.63,North,John Smith,Cash,214.41
TXN000235,2024-02-01,PRD040,CUST0199,9,300.54,North,Sarah Wilson,PayPal,2704.86
TXN000486,2024-02-02,PRD040,CUST0020,2,74.47,West,David Lee,Debit Card,148.94
TXN000160,2024-02-02,PRD008,CUST0086,2,164.49,North,Michael Brown,Debit Card,328.98
TXN001000,2024-02-02,PRD011,CUST0024,3,286.86,South,Robert Garcia,Cash,860.58
TXN000101,2024-02-02,PRD009,CUST0013,3,173.78,East,David Lee,Credit Card,521.34
TXN000683,2024-02-03,PRD020,CUST0053,9,392.46,East,John Smith,Credit Card,3532.14
TXN000076,2024-02-03,PRD015,CUST0108,8,197.74,West,Mary Johnson,Cash,1581.92
TXN000169,2024-02-04,PRD015,CUST0157,5,436.35,Central,John Smith,Credit Card,2181.75
TXN000247,2024-02-04,PRD018,CUST0170,1,52.62,South,Jennifer Davis,Cash,52.62
TXN000361,2024-02-05,PRD026,CUST0010,8,435.63,East,Michael Brown,Credit Card,3485.04
TXN000886,2024-02-05,PRD025,CUST0136,8,169.09,North,Mary Johnson,Credit Card,1352.72
TXN000277,2024-02-05,PRD050,CUST0054,3,87.72,South,Lisa Martinez,Cash,263.15999999999997
TXN000390,2024-02-05,PRD034,CUST0085,8,152.91,West,Michael Brown,PayPal,1223.28
TXN000832,2024-02-05,PRD040,CUST0071,3,40.06,East,Mary Johnson,Credit Card,120.18
TXN000246,2024-02-05,PRD012,CUST0084,4,279.92,North,Mary Johnson,Debit Card,1119.68
TXN000543,2024-02-05,PRD033,CUST0197,8,30.37,Central,Jennifer Davis,Debit Card,242.96
TXN000141,2024-02-05,PRD005,CUST0033,1,351.74,North,Lisa Martinez,Credit Card,351.74
TXN000577,2024-02-05,PRD050,CUST0140,6,347.87,East,Michael Brown,Cash,2087.2200000000003
TXN000045,2024-02-05,PRD007,CUST0124,8,218.35,West,Sarah Wilson,Debit Card,1746.8
TXN000061,2024-02-06,PRD041,CUST0144,7,144.29,Central,Lisa Martinez,Cash,1010.03
TXN000734,2024-02-06,PRD005,CUST0167,2,168.92,West,Mary Johnson,Debit Card,337.84
TXN000724,2024-02-06,PRD025,CUST0053,6,183.95,South,Jennifer Davis,Credit Card,1103.6999999999998
TXN000166,2024-02-06,PRD014,CUST0132,1,311.77,South,Sarah Wilson,Credit Card,311.77
TXN000172,2024-02-06,PRD030,CUST0101,4,269.18,North,Sarah Wilson,Debit Card,1076.72
TXN000686,2024-02-07,PRD016,CUST0021,1,217.63,East,Jennifer Davis,Credit Card,217.63
TXN000435,2024-02-07,PRD020,CUST0067,4,231.64,Central,David Lee,Credit Card,926.56
TXN000271,2024-02-07,PRD022,CUST0077,4,357.1,West,David Lee,Credit Card,1428.4
TXN000267,2024-02-07,PRD014,CUST0050,1,400.74,East,Michael Brown,Credit Card,400.74
TXN000925,2024-02-07,PRD033,CUST0177,9,181.35,East,Robert Garcia,Cash,1632.1499999999999
TXN000568,2024-02-08,PRD050,CUST0187,7,420.68,West,Lisa Martinez,Credit Card,2944.76
TXN000979,2024-02-08,PRD011,CUST0002,1,422.58,West,Mary Johnson,PayPal,422.58
TXN000316,2024-02-08,PRD039,CUST0028,1,437.05,West,Lisa Martinez,Credit Card,437.05
TXN000875,2024-02-08,PRD026,CUST0164,8,488.18,Central,David Lee,Debit Card,3905.44
TXN000207,2024-02-08,PRD049,CUST0014,7,310.57,Central,Jennifer Davis,Debit Card,2173.99
TXN000712,2024-02-08,PRD043,CUST0004,1,495.72,Central,Mary Johnson,Credit Card,495.72
TXN000473,2024-02-09,PRD022,CUST0171,5,224.92,West,Jennifer Davis,Debit Card,1124.6
TXN000138,2024-02-10,PRD021,CUST0175,8,288.29,North,Mary Johnson,Debit Card,2306.32
TXN000041,2024-02-10,PRD029,CUST0016,5,435.55,Central,David Lee,Credit Card,2177.75
TXN000049,2024-02-10,PRD042,CUST0156,2,320.4,South,Michael Brown,Debit Card,640.8
TXN000911,2024-02-10,PRD023,CUST0020,5,83.58,North,Mary Johnson,Credit Card,417.9
TXN000537,2024-02-11,PRD044,CUST0018,6,29.28,North,Jennifer Davis,Cash,175.68
TXN000880,2024-02-11,PRD008,CUST0128,3,278.5,Central,Lisa Martinez,Cash,835.5
TXN000253,2024-02-11,PRD001,CUST0118,3,49.71,East,Mary Johnson,PayPal,149.13
TXN000244,2024-02-11,PRD018,CUST0054,4,406.66,East,Lisa Martinez,Wire Transfer,1626.64
TXN000479,2024-02-11,PRD003,CUST0153,9,145.65,Central,Robert Garcia,Debit Card,1310.8500000000001
TXN000748,2024-02-11,PRD023,CUST0095,7,272.56,West,Michael Brown,Credit Card,1907.92
TXN000708,2024-02-11,PRD016,CUST0123,7,208.12,West,David Lee,Credit Card,1456.8400000000001
TXN000520,2024-02-12,PRD042,CUST0079,5,356.32,Central,Lisa Martinez,Credit Card,1781.6
TXN000139,2024-02-13,PRD039,CUST0157,9,458.59,North,David Lee,Debit Card,4127.3099999999995
TXN000619,2024-02-13,PRD031,CUST0036,1,196.1,North,Jennifer Davis,Credit Card,196.1
TXN000421,2024-02-13,PRD044,CUST0064,5,25.48,West,Lisa Martinez,PayPal,127.4
TXN000691,2024-02-13,PRD005,CUST0186,3,297.44,South,Sarah Wilson,PayPal,892.3199999999999
TXN000598,2024-02-14,PRD031,CUST0053,1,383.52,North,Robert Garcia,Credit Card,383.52
TXN000008,2024-02-14,PRD009,CUST0155,8,126.71,West,Lisa Martinez,PayPal,1013.68
TXN000782,2024-02-15,PRD019,CUST0126,5,262.68,West,Jennifer Davis,Credit Card,1313.4
TXN000767,2024-02-16,PRD013,CUST0059,9,72.58,Central,David Lee,Cash,653.22
TXN000962,2024-02-16,PRD023,CUST0076,8,221.72,West,Michael Brown,Debit Card,1773.76
TXN000984,2024-02-16,PRD034,CUST0070,1,277.06,South,David Lee,Credit Card,277.06
TXN000890,2024-02-16,PRD050,CUST0178,7,203.29,South,Lisa Martinez,Cash,1423.03
TXN000095,2024-02-16,PRD038,CUST0130,5,25.28,North,Michael Brown,Debit Card,126.4
TXN000754,2024-02-16,PRD044,CUST0190,5,399.77,Central,Mary Johnson,Credit Card,1998.85
TXN000303,2024-02-17,PRD028,CUST0114,1,319.98,Central,Sarah Wilson,Debit Card,319.98
TXN000012,2024-02-17,PRD032,CUST0008,8,429.29,West,Sarah Wilson,Cash,3434.32
TXN000425,2024-02-17,PRD040,CUST0061,9,357.44,West,Lisa Martinez,Debit Card,3216.96
TXN000812,2024-02-17,PRD019,CUST0130,3,256.26,Central,Sarah Wilson,Cash,768.78
TXN000212,2024-02-17,PRD039,CUST0162,1,328.33,East,Mary Johnson,Debit Card,328.33
TXN000628,2024-02-17,PRD049,CUST0198,6,271.47,North,David Lee,PayPal,1628.8200000000002
TXN000031,2024-02-17,PRD042,CUST0165,3,299.24,West,Jennifer Davis,PayPal,897.72
TXN000184,2024-02-18,PRD044,CUST0077,9,214.71,Central,John Smith,PayPal,1932.39
TXN000185,2024-02-19,PRD031,CUST0122,6,216.46,South,Mary Johnson,Debit Card,1298.76
TXN000955,2024-02-19,PRD021,CUST0175,1,407.77,East,John Smith,Wire Transfer,407.77
TXN000033,2024-02-19,PRD032,CUST0124,5,315.83,North,Mary Johnson,Debit Card,1579.1499999999999
TXN000192,2024-02-20,PRD048,CUST0150,4,124.47,East,Jennifer Davis,Wire Transfer,497.88
TXN000892,2024-02-20,PRD046,CUST0122,2,394.66,West,John Smith,Credit Card,789.32
TXN000209,2024-02-20,PRD047,CUST0123,4,495.67,South,Jennifer Davis,Wire Transfer,1982.68
TXN000704,2024-02-20,PRD028,CUST0186,6,253.42,North,Jennifer Davis,Cash,1520.52
TXN000866,2024-02-21,PRD024,CUST0195,6,245.86,West,David Lee,Cash,1475.16
TXN000868,2024-02-21,PRD029,CUST0024,5,137.31,South,Robert Garcia,Credit Card,686.55
TXN000893,2024-02-21,PRD029,CUST0070,9,447.12,West,Michael Brown,Debit Card,4024.08
TXN000051,2024-02-21,PRD004,CUST0081,4,78.28,Central,John Smith,Cash,313.12
TXN000656,2024-02-21,PRD010,CUST0082,7,69.72,South,Sarah Wilson,Cash,488.03999999999996
TXN000270,2024-02-21,PRD030,CUST0143,3,434.97,West,David Lee,PayPal,1304.91
TXN000007,2024-02-22,PRD008,CUST0185,7,329.85,North,Sarah Wilson,Debit Card,2308.9500000000003
TXN000030,2024-02-22,PRD027,CUST0075,5,196.05,South,Michael Brown,Credit Card,980.25
TXN000570,2024-02-22,PRD009,CUST0001,1,344.79,South,David Lee,Debit Card,344.79
TXN000330,2024-02-22,PRD032,CUST0106,6,498.59,West,John Smith,Debit Card,2991.54
TXN000671,2024-02-22,PRD017,CUST0037,5,476.19,West,Robert Garcia,Credit Card,2380.95
TXN000287,2024-02-23,PRD044,CUST0074,7,417.75,South,David Lee,PayPal,2924.25
TXN000773,2024-02-23,PRD033,CUST0168,6,138.93,North,Jennifer Davis,Debit Card,833.58
TXN000445,2024-02-24,PRD003,CUST0041,9,488.17,North,Sarah Wilson,Credit Card,4393.53
TXN000291,2024-02-24,PRD043,CUST0140,9,312.29,North,Sarah Wilson,Wire Transfer,2810.61
TXN000936,2024-02-24,PRD024,CUST0088,2,484.25,South,John Smith,Cash,968.5
TXN000583,2024-02-24,PRD027,CUST0118,1,62.23,South,John Smith,Debit Card,62.23
TXN000121,2024-02-24,PRD043,CUST0012,2,100.72,South,Mary Johnson,Credit Card,201.44
TXN000345,2024-02-25,PRD048,CUST0167,2,215.67,West,Sarah Wilson,Credit Card,431.34
TXN000373,2024-02-25,PRD028,CUST0077,5,67.48,West,Robert Garcia,Credit Card,337.40000000000003
TXN000994,2024-02-25,PRD020,CUST0105,2,421.94,Central,Jennifer Davis,Debit Card,843.88
TXN000196,2024-02-25,PRD036,CUST0162,1,219.61,North,David Lee,Debit Card,219.61
TXN000562,2024-02-25,PRD035,CUST0031,5,56.01,South,John Smith,Credit Card,280.05
TXN000097,2024-02-26,PRD002,CUST0062,8,301.59,West,Michael Brown,PayPal,2412.72
TXN000315,2024-02-27,PRD026,CUST0036,4,32.41,North,Robert Garcia,Debit Card,129.64
TXN000001,2024-02-27,PRD041,CUST0152,7,123.23,Central,David Lee,Debit Card,862.61
TXN000111,2024-02-27,PRD024,CUST0003,1,401.71,Central,Michael Brown,Credit Card,401.71
TXN000132,2024-02-27,PRD007,CUST0130,9,493.96,Central,John Smith,Wire Transfer,4445.639999999999
TXN000559,2024-02-28,PRD007,CUST0035,6,108.91,Central,David Lee,Credit Card,653.46
TXN000553,2024-02-28,PRD013,CUST0097,1,249.53,Central,Michael Brown,Wire Transfer,249.53
TXN000729,2024-02-28,PRD024,CUST0199,3,124.52,Central,Michael Brown,Debit Card,373.56
TXN000977,2024-02-28,PRD020,CUST0028,2,379.97,South,Robert Garcia,Cash,759.94
TXN000682,2024-02-28,PRD016,CUST0066,9,126.07,East,Sarah Wilson,Credit Card,1134.6299999999999
TXN000814,2024-02-28,PRD007,CUST0096,8,81.72,Central,Michael Brown,Credit Card,653.76
TXN000108,2024-02-28,PRD031,CUST0121,9,223.07,South,John Smith,PayPal,2007.6299999999999
TXN000786,2024-02-29,PRD042,CUST0091,6,427.2,North,Jennifer Davis,Credit Card,2563.2
TXN000290,2024-02-29,PRD029,CUST0174,2,150.65,West,David Lee,Debit Card,301.3
TXN000379,2024-02-29,PRD020,CUST0117,4,41.46,Central,Michael Brown,Credit Card,165.84
TXN000368,2024-02-29,PRD024,CUST0048,3,25.94,South,Mary Johnson,Debit Card,77.82000000000001
TXN000816,2024-03-01,PRD021,CUST0159,8,43.4,Central,John Smith,Credit Card,347.2
TXN000693,2024-03-01,PRD032,CUST0014,8,371.07,South,Jennifer Davis,Credit Card,2968.56
TXN000157,2024-03-02,PRD028,CUST0010,8,176.54,North,David Lee,Cash,1412.32
TXN000648,2024-03-02,PRD024,CUST0143,8,160.57,Central,David Lee,Debit Card,1284.56
TXN000572,2024-03-02,PRD025,CUST0006,1,312.75,West,John Smith,Credit Card,312.75
TXN000645,2024-03-02,PRD016,CUST0161,1,248.08,North,Lisa Martinez,Wire Transfer,248.08
TXN000250,2024-03-02,PRD020,CUST0097,8,137.28,North,David Lee,Credit Card,1098.24
TXN000453,2024-03-03,PRD039,CUST0031,3,121.94,South,Mary Johnson,Credit Card,365.82
TXN000805,2024-03-03,PRD047,CUST0162,5,74.94,North,Lisa Martinez,Cash,374.7
TXN000393,2024-03-04,PRD050,CUST0118,8,392.13,East,Lisa Martinez,Credit Card,3137.04
TXN000740,2024-03-04,PRD007,CUST0128,5,368.02,Central,Mary Johnson,PayPal,1840.1
TXN000988,2024-03-04,PRD013,CUST0048,3,90.76,South,Sarah Wilson,Credit Card,272.28000000000003
TXN000039,2024-03-04,PRD024,CUST0019,2,384.17,East,David Lee,Cash,768.34
TXN000664,2024-03-05,PRD046,CUST0194,9,135.72,North,David Lee,Cash,1221.48
TXN000551,2024-03-05,PRD050,CUST0098,4,232.82,East,David Lee,Debit Card,931.28
TXN000142,2024-03-05,PRD009,CUST0025,3,155.7,West,Sarah Wilson,Credit Card,467.09999999999997
TXN000669,2024-03-05,PRD006,CUST0077,3,31.27,West,Jennifer Davis,Credit Card,93.81
TXN000863,2024-03-05,PRD010,CUST0021,7,386.96,South,Mary Johnson,Credit Card,2708.72
TXN000143,2024-03-06,PRD018,CUST0101,8,462.95,West,Jennifer Davis,Credit Card,3703.6
TXN000322,2024-03-06,PRD050,CUST0013,7,22.05,East,John Smith,Credit Card,154.35
TXN000516,2024-03-06,PRD043,CUST0015,9,416.15,Central,Jennifer Davis,Cash,3745.35
TXN000401,2024-03-06,PRD010,CUST0076,1,312.9,Central,Michael Brown,Debit Card,312.9
TXN000309,2024-03-07,PRD032,CUST0052,2,157.47,South,Michael Brown,PayPal,314.94
TXN000263,2024-03-08,PRD002,CUST0178,6,342.23,East,Sarah Wilson,Credit Card,2053.38
TXN000961,2024-03-08,PRD034,CUST0159,6,192.36,North,David Lee,Credit Card,1154.16
TXN000178,2024-03-08,PRD028,CUST0130,5,206.95,South,Robert Garcia,Debit Card,1034.75
TXN000275,2024-03-08,PRD047,CUST0074,5,313.12,Central,Mary Johnson,Cash,1565.6
TXN000801,2024-03-08,PRD024,CUST0196,6,179.59,East,David Lee,Credit Card,1077.54
TXN000968,2024-03-08,PRD012,CUST0040,8,106.76,East,Sarah Wilson,Credit Card,854.08
TXN000455,2024-03-09,PRD025,CUST0076,4,487.65,Central,John Smith,Cash,1950.6
TXN000288,2024-03-09,PRD006,CUST0032,1,258.66,East,Robert Garcia,Debit Card,258.66
TXN000831,2024-03-10,PRD023,CUST0185,8,84.49,North,Sarah Wilson,Cash,675.92
TXN000522,2024-03-10,PRD043,CUST0006,5,92.13,North,Michael Brown,Debit Card,460.65
TXN000954,2024-03-11,PRD009,CUST0048,7,376.56,Central,Sarah Wilson,Debit Card,2635.92
TXN000480,2024-03-11,PRD016,CUST0021,1,300.25,Central,Jennifer Davis,Cash,300.25
TXN000092,2024-03-11,PRD001,CUST0006,7,469.05,North,Lisa Martinez,Debit Card,3283.35
TXN000006,2024-03-12,PRD027,CUST0160,3,97.49,South,Michael Brown,Cash,292.46999999999997
TXN000085,2024-03-12,PRD035,CUST0041,7,151.46,South,Robert Garcia,Cash,1060.22
TXN000201,2024-03-12,PRD022,CUST0168,1,395.31,Central,Mary Johnson,Cash,395.31
TXN000980,2024-03-13,PRD021,CUST0079,2,366.96,North,Mary Johnson,Debit Card,733.92
TXN000733,2024-03-13,PRD023,CUST0137,4,271.15,East,Lisa Martinez,Credit Card,1084.6
TXN000872,2024-03-14,PRD009,CUST0142,4,115.45,South,Robert Garcia,Cash,461.8
TXN000915,2024-03-14,PRD035,CUST0062,7,30.42,South,John Smith,Debit Card,212.94
TXN000083,2024-03-14,PRD010,CUST0049,1,130.22,North,John Smith,PayPal,130.22
TXN000905,2024-03-15,PRD046,CUST0054,3,333.08,South,David Lee,PayPal,999.24
TXN000827,2024-03-15,PRD023,CUST0106,2,324.0,East,Michael Brown,Debit Card,648.0
TXN000430,2024-03-16,PRD029,CUST0078,9,409.26,North,John Smith,PayPal,3683.34
TXN000443,2024-03-16,PRD030,CUST0120,7,437.17,West,Robert Garcia,Credit Card,3060.19
TXN000320,2024-03-16,PRD020,CUST0062,2,73.74,South,Michael Brown,Debit Card,147.48
TXN000317,2024-03-17,PRD004,CUST0158,8,487.01,North,Lisa Martinez,Debit Card,3896.08
TXN000842,2024-03-17,PRD033,CUST0025,5,69.48,North,John Smith,Debit Card,347.40000000000003
TXN000689,2024-03-17,PRD040,CUST0024,8,315.69,Central,Michael Brown,Credit Card,2525.52
TXN000731,2024-03-17,PRD048,CUST0098,5,441.24,Central,Sarah Wilson,PayPal,2206.2
TXN000860,2024-03-18,PRD037,CUST0058,9,212.92,East,Mary Johnson,Debit Card,1916.28
TXN000481,2024-03-18,PRD046,CUST0135,6,457.06,East,Michael Brown,Debit Card,2742.36
TXN000688,2024-03-18,PRD041,CUST0095,1,56.81,East,David Lee,Debit Card,56.81
TXN000549,2024-03-19,PRD014,CUST0108,5,323.17,North,Robert Garcia,Credit Card,1615.8500000000001
TXN000587,2024-03-19,PRD016,CUST0049,1,488.82,Central,Jennifer Davis,Cash,488.82
TXN000098,2024-03-19,PRD012,CUST0056,6,35.2,West,Robert Garcia,Debit Card,211.20000000000002
TXN000484,2024-03-19,PRD034,CUST0181,9,319.46,Central,David Lee,Debit Card,2875.14
TXN000817,2024-03-19,PRD043,CUST0164,9,22.65,East,David Lee,Credit Card,203.85
TXN000125,2024-03-19,PRD042,CUST0144,4,405.21,Central,Sarah Wilson,Credit Card,1620.84
TXN000874,2024-03-20,PRD024,CUST0015,4,128.19,East,Michael Brown,Wire Transfer,512.76
TXN000027,2024-03-20,PRD048,CUST0128,4,410.55,West,Mary Johnson,Credit Card,1642.2
TXN000292,2024-03-20,PRD028,CUST0098,6,490.78,Central,Lisa Martinez,Credit Card,2944.68
TXN000333,2024-03-20,PRD012,CUST0121,1,90.18,East,Robert Garcia,PayPal,90.18
TXN000230,2024-03-20,PRD037,CUST0106,4,85.41,West,Michael Brown,Debit Card,341.64
TXN000709,2024-03-21,PRD037,CUST0054,5,219.82,North,Jennifer Davis,Cash,1099.1
TXN000241,2024-03-21,PRD039,CUST0181,6,445.49,Central,Sarah Wilson,Cash,2672.94
TXN000713,2024-03-21,PRD043,CUST0055,7,72.91,Central,Jennifer Davis,Wire Transfer,510.37
TXN000114,2024-03-21,PRD007,CUST0035,5,299.21,Central,Sarah Wilson,Debit Card,1496.05
TXN000281,2024-03-21,PRD004,CUST0082,1,414.65,West,Jennifer Davis,Cash,414.65
TXN000924,2024-03-21,PRD024,CUST0036,5,155.3,West,Jennifer Davis,Credit Card,776.5
TXN000808,2024-03-22,PRD028,CUST0182,8,248.66,North,John Smith,Credit Card,1989.28
TXN000023,2024-03-22,PRD045,CUST0107,9,98.9,North,Michael Brown,Credit Card,890.1
TXN000099,2024-03-22,PRD017,CUST0150,3,253.22,East,Sarah Wilson,Cash,759.66
TXN000344,2024-03-22,PRD026,CUST0123,4,472.37,Central,Sarah Wilson,Cash,1889.48
TXN000462,2024-03-22,PRD037,CUST0040,5,236.69,Central,Michael Brown,Credit Card,1183.45
TXN000127,2024-03-23,PRD004,CUST0093,9,349.22,Central,Sarah Wilson,Debit Card,3142.9800000000005
TXN000774,2024-03-23,PRD026,CUST0176,4,186.47,South,Jennifer Davis,Debit Card,745.88
TXN000311,2024-03-23,PRD043,CUST0070,8,43.0,East,Mary Johnson,Wire Transfer,344.0
TXN000335,2024-03-24,PRD025,CUST0175,5,349.9,West,Mary Johnson,Credit Card,1749.5
TXN000056,2024-03-24,PRD030,CUST0103,6,143.43,North,Jennifer Davis,Cash,860.58
TXN000064,2024-03-24,PRD004,CUST0062,5,416.57,South,Lisa Martinez,Credit Card,2082.85
TXN000560,2024-03-24,PRD033,CUST0168,2,339.98,South,Sarah Wilson,Credit Card,679.96
TXN000514,2024-03-25,PRD006,CUST0117,9,264.69,East,David Lee,Debit Card,2382.21
TXN000736,2024-03-25,PRD016,CUST0079,6,338.05,North,Mary Johnson,Cash,2028.3000000000002
TXN000972,2024-03-25,PRD033,CUST0040,3,409.81,North,Sarah Wilson,Credit Card,1229.43
TXN000221,2024-03-25,PRD031,CUST0147,4,38.34,Central,Lisa Martinez,PayPal,153.36
TXN000145,2024-03-25,PRD041,CUST0087,8,472.69,North,John Smith,PayPal,3781.52
TXN000895,2024-03-26,PRD040,CUST0020,8,395.58,South,Robert Garcia,Debit Card,3164.64
TXN000558,2024-03-26,PRD019,CUST0139,3,355.29,North,John Smith,Credit Card,1065.8700000000001
TXN000214,2024-03-26,PRD023,CUST0159,5,261.22,North,Michael Brown,Credit Card,1306.1000000000001
TXN000420,2024-03-27,PRD029,CUST0083,4,356.17,East,Michael Brown,Cash,1424.68
TXN000909,2024-03-28,PRD021,CUST0183,7,42.66,West,David Lee,Credit Card,298.62
TXN000062,2024-03-28,PRD039,CUST0028,9,281.55,East,Robert Garcia,Credit Card,2533.9500000000003
TXN000711,2024-03-29,PRD012,CUST0078,9,349.29,West,David Lee,Credit Card,3143.61
TXN000405,2024-03-30,PRD039,CUST0050,3,169.97,West,Robert Garcia,Cash,509.90999999999997
TXN000966,2024-03-30,PRD041,CUST0022,7,127.94,West,David Lee,Credit Card,895.5799999999999
TXN000759,2024-03-30,PRD012,CUST0150,4,496.32,West,John Smith,Credit Card,1985.28
TXN000910,2024-03-30,PRD043,CUST0102,1,264.02,North,Michael Brown,Credit Card,264.02
TXN000448,2024-03-31,PRD019,CUST0129,1,396.95,Central,Lisa Martinez,Credit Card,396.95
TXN000336,2024-03-31,PRD035,CUST0198,5,118.18,West,David Lee,Credit Card,590.9000000000001
TXN000589,2024-03-31,PRD040,CUST0196,5,436.67,South,Sarah Wilson,PayPal,2183.35
TXN000339,2024-04-01,PRD033,CUST0141,6,330.71,South,John Smith,Debit Card,1984.2599999999998
TXN000370,2024-04-01,PRD028,CUST0075,5,312.16,West,Michael Brown,Credit Card,1560.8000000000002
TXN000119,2024-04-01,PRD003,CUST0104,3,475.62,Central,Michael Brown,Debit Card,1426.8600000000001
TXN000661,2024-04-01,PRD045,CUST0077,8,357.43,East,Mary Johnson,Cash,2859.44
TXN000908,2024-04-02,PRD044,CUST0193,6,310.83,North,Lisa Martinez,Credit Card,1864.98
TXN000764,2024-04-02,PRD030,CUST0040,8,315.56,East,Mary Johnson,Credit Card,2524.48
TXN000203,2024-04-03,PRD008,CUST0149,9,214.61,South,Jennifer Davis,Debit Card,1931.4900000000002
TXN000524,2024-04-03,PRD009,CUST0066,5,370.84,West,Michael Brown,Credit Card,1854.1999999999998
TXN000608,2024-04-03,PRD025,CUST0063,8,350.78,North,Lisa Martinez,Credit Card,2806.24
TXN000649,2024-04-04,PRD015,CUST0127,5,403.48,West,David Lee,PayPal,2017.4
TXN000678,2024-04-04,PRD028,CUST0136,9,211.4,East,Mary Johnson,Debit Card,1902.6000000000001
TXN000245,2024-04-05,PRD002,CUST0144,1,331.07,Central,David Lee,PayPal,331.07
TXN000850,2024-04-06,PRD029,CUST0091,3,311.46,East,Michael Brown,Credit Card,934.3799999999999
TXN000793,2024-04-06,PRD048,CUST0139,2,435.35,East,Mary Johnson,Credit Card,870.7
TXN000231,2024-04-07,PRD015,CUST0177,6,409.76,East,Mary Johnson,Debit Card,2458.56
TXN000381,2024-04-07,PRD022,CUST0140,5,141.81,North,John Smith,Debit Card,709.05
TXN000618,2024-04-07,PRD042,CUST0015,9,237.11,North,Lisa Martinez,Credit Card,2133.9900000000002
TXN000829,2024-04-07,PRD003,CUST0005,8,313.6,South,Lisa Martinez,Cash,2508.8
TXN000199,2024-04-07,PRD036,CUST0122,2,116.94,North,Lisa Martinez,Cash,233.88
TXN000183,2024-04-07,PRD010,CUST0145,1,386.45,South,Mary Johnson,PayPal,386.45
TXN000952,2024-04-07,PRD037,CUST0097,5,304.92,South,John Smith,Wire Transfer,1524.6000000000001
TXN000650,2024-04-08,PRD002,CUST0013,2,274.19,Central,Sarah Wilson,Debit Card,548.38
TXN000402,2024-04-08,PRD017,CUST0146,1,354.21,East,Sarah Wilson,Credit Card,354.21
TXN000044,2024-04-08,PRD024,CUST0107,7,401.93,Central,John Smith,Cash,2813.51
TXN000198,2024-04-08,PRD038,CUST0153,7,343.03,North,Robert Garcia,Credit Card,2401.21
TXN000646,2024-04-08,PRD025,CUST0174,1,135.82,South,Lisa Martinez,Cash,135.82
TXN000357,2024-04-08,PRD041,CUST0060,1,433.54,North,Michael Brown,Cash,433.54
TXN000438,2024-04-09,PRD004,CUST0178,7,368.48,East,David Lee,Cash,2579.36
TXN000657,2024-04-09,PRD009,CUST0179,7,98.76,West,Robert Garcia,Credit Card,691.32
TXN000387,2024-04-10,PRD033,CUST0070,4,202.32,North,John Smith,Credit Card,809.28
TXN000124,2024-04-11,PRD030,CUST0146,6,368.79,East,Robert Garcia,Cash,2212.7400000000002
TXN000567,2024-04-11,PRD022,CUST0033,5,349.39,North,Robert Garcia,Credit Card,1746.9499999999998
TXN000727,2024-04-11,PRD041,CUST0142,8,43.13,South,Lisa Martinez,Cash,345.04
TXN000429,2024-04-11,PRD010,CUST0085,5,176.33,North,Jennifer Davis,Wire Transfer,881.6500000000001
TXN000933,2024-04-11,PRD024,CUST0112,6,139.87,West,David Lee,Debit Card,839.22
TXN000017,2024-04-11,PRD009,CUST0148,8,153.64,North,Michael Brown,Cash,1229.12
TXN000350,2024-04-12,PRD005,CUST0074,7,210.57,West,John Smith,Debit Card,1473.99
TXN000967,2024-04-12,PRD038,CUST0069,3,69.54,East,David Lee,Cash,208.62
TXN000547,2024-04-12,PRD020,CUST0187,8,12.42,Central,Lisa Martinez,Debit Card,99.36
TXN000150,2024-04-12,PRD025,CUST0051,4,416.17,West,Mary Johnson,Debit Card,1664.68
TXN000799,2024-04-14,PRD045,CUST0172,9,95.03,West,Jennifer Davis,Credit Card,855.27
TXN000297,2024-04-14,PRD018,CUST0075,6,392.12,East,Sarah Wilson,Credit Card,2352.7200000000003
TXN000258,2024-04-14,PRD026,CUST0174,7,252.62,East,Jennifer Davis,Credit Card,1768.3400000000001
TXN000493,2024-04-15,PRD050,CUST0147,6,428.65,West,David Lee,Debit Card,2571.8999999999996
TXN000705,2024-04-16,PRD001,CUST0172,3,494.01,Central,Mary Johnson,Credit Card,1482.03
TXN000328,2024-04-17,PRD008,CUST0014,1,228.49,South,Mary Johnson,Cash,228.49
TXN000059,2024-04-17,PRD014,CUST0095,4,67.7,North,Robert Garcia,Credit Card,270.8
TXN000295,2024-04-17,PRD029,CUST0198,8,320.66,Central,Michael Brown,Debit Card,2565.28
TXN000411,2024-04-17,PRD012,CUST0132,2,204.49,East,Jennifer Davis,Debit Card,408.98
TXN000706,2024-04-18,PRD040,CUST0144,3,76.86,Central,Lisa Martinez,PayPal,230.57999999999998
TXN000079,2024-04-18,PRD010,CUST0084,1,91.48,West,Robert Garcia,Credit Card,91.48
TXN000149,2024-04-18,PRD021,CUST0037,1,166.36,Central,Robert Garcia,Credit Card,166.36
TXN000529,2024-04-18,PRD036,CUST0019,4,296.82,Central,Robert Garcia,Credit Card,1187.28
TXN000077,2024-04-18,PRD022,CUST0064,8,264.27,South,Michael Brown,Debit Card,2114.16
TXN000610,2024-04-18,PRD034,CUST0012,2,229.86,West,Lisa Martinez,Cash,459.72
TXN000272,2024-04-19,PRD011,CUST0058,3,420.14,North,Michael Brown,Credit Card,1260.42
TXN000177,2024-04-19,PRD021,CUST0087,8,385.92,Central,John Smith,Cash,3087.36
TXN000417,2024-04-19,PRD037,CUST0048,3,92.07,West,Mary Johnson,Credit Card,276.21
TXN000485,2024-04-19,PRD034,CUST0093,2,369.23,East,Lisa Martinez,Cash,738.46
TXN000218,2024-04-19,PRD014,CUST0175,3,101.35,North,Jennifer Davis,PayPal,304.04999999999995
TXN000651,2024-04-20,PRD021,CUST0089,6,162.54,North,Lisa Martinez,Credit Card,975.24
TXN000028,2024-04-20,PRD047,CUST0161,9,177.49,South,Jennifer Davis,Credit Card,1597.41
TXN000554,2024-04-21,PRD015,CUST0097,9,336.76,Central,Jennifer Davis,Cash,3030.84
TXN000013,2024-04-21,PRD008,CUST0021,3,416.81,East,Michael Brown,Debit Card,1250.43
TXN000233,2024-04-21,PRD036,CUST0106,4,119.67,East,Robert Garcia,Wire Transfer,478.68
TXN000447,2024-04-22,PRD024,CUST0176,9,99.24,North,Michael Brown,PayPal,893.16
TXN000091,2024-04-22,PRD009,CUST0128,1,335.2,East,Sarah Wilson,Debit Card,335.2
TXN000951,2024-04-22,PRD027,CUST0142,2,490.19,North,Robert Garcia,PayPal,980.38
TXN000068,2024-04-22,PRD037,CUST0116,9,451.01,South,David Lee,Credit Card,4059.09
TXN000504,2024-04-22,PRD036,CUST0150,3,136.49,South,Jennifer Davis,Cash,409.47
TXN000506,2024-04-22,PRD025,CUST0024,3,169.34,East,John Smith,PayPal,508.02
TXN000164,2024-04-22,PRD036,CUST0039,5,316.69,West,Robert Garcia,Credit Card,1583.45
TXN000019,2024-04-22,PRD030,CUST0167,2,16.37,Central,John Smith,Debit Card,32.74
TXN000630,2024-04-23,PRD018,CUST0083,2,384.79,South,David Lee,PayPal,769.58
TXN000349,2024-04-23,PRD030,CUST0083,3,492.15,East,David Lee,Cash,1476.4499999999998
TXN000999,2024-04-23,PRD042,CUST0142,7,155.8,West,John Smith,Credit Card,1090.6000000000001
TXN000355,2024-04-24,PRD026,CUST0167,5,329.32,South,John Smith,PayPal,1646.6
TXN000005,2024-04-24,PRD042,CUST0169,7,401.96,South,Sarah Wilson,Credit Card,2813.72
TXN000542,2024-04-24,PRD028,CUST0047,6,258.55,North,Mary Johnson,Cash,1551.3000000000002
TXN000695,2024-04-25,PRD035,CUST0097,7,116.2,Central,Michael Brown,PayPal,813.4
TXN000159,2024-04-25,PRD045,CUST0183,1,42.02,West,Michael Brown,Debit Card,42.02
TXN000813,2024-04-25,PRD021,CUST0117,1,205.34,Central,Mary Johnson,Credit Card,205.34
TXN000428,2024-04-25,PRD021,CUST0069,4,402.85,West,Sarah Wilson,Cash,1611.4
TXN000730,2024-04-25,PRD017,CUST0073,9,274.61,West,Lisa Martinez,Credit Card,2471.4900000000002
TXN000981,2024-04-25,PRD046,CUST0114,6,390.46,West,Robert Garcia,Credit Card,2342.7599999999998
TXN000889,2024-04-26,PRD017,CUST0055,8,194.19,South,Michael Brown,Credit Card,1553.52
TXN000047,2024-04-26,PRD024,CUST0053,1,141.65,South,Sarah Wilson,Cash,141.65
TXN000354,2024-04-26,PRD037,CUST0023,9,25.26,South,Jennifer Davis,Credit Card,227.34
TXN000659,2024-04-26,PRD019,CUST0105,8,98.9,West,Sarah Wilson,Credit Card,791.2
TXN000071,2024-04-27,PRD049,CUST0025,9,304.25,West,Mary Johnson,Wire Transfer,2738.25
TXN000949,2024-04-27,PRD027,CUST0059,1,401.37,West,David Lee,PayPal,401.37
TXN000755,2024-04-27,PRD030,CUST0038,4,464.32,West,Sarah Wilson,Debit Card,1857.28
TXN000163,2024-04-27,PRD050,CUST0117,7,166.19,East,Sarah Wilson,Debit Card,1163.33
TXN000168,2024-04-27,PRD029,CUST0084,2,21.96,North,David Lee,Credit Card,43.92
TXN000644,2024-04-28,PRD024,CUST0045,8,59.7,West,Michael Brown,Credit Card,477.6
TXN000916,2024-04-28,PRD019,CUST0146,9,51.55,South,David Lee,Debit Card,463.95
TXN000482,2024-04-28,PRD029,CUST0115,7,113.22,West,Michael Brown,PayPal,792.54
TXN000720,2024-04-28,PRD033,CUST0063,3,448.15,East,Jennifer Davis,Credit Card,1344.4499999999998
TXN000050,2024-04-29,PRD023,CUST0037,8,136.36,Central,David Lee,PayPal,1090.88
TXN000853,2024-04-29,PRD005,CUST0021,8,268.25,West,Lisa Martinez,Debit Card,2146.0
TXN000725,2024-04-29,PRD031,CUST0102,2,44.02,Central,Robert Garcia,Debit Card,88.04
TXN000995,2024-04-29,PRD040,CUST0027,7,369.07,Central,Lisa Martinez,Credit Card,2583.49
TXN000014,2024-04-29,PRD007,CUST0012,6,204.62,South,Sarah Wilson,Credit Card,1227.72
TXN000475,2024-04-30,PRD006,CUST0196,5,248.47,North,John Smith,Credit Card,1242.35
TXN000248,2024-04-30,PRD045,CUST0123,5,210.14,West,John Smith,Credit Card,1050.6999999999998
TXN000426,2024-04-30,PRD021,CUST0115,5,436.77,Central,Robert Garcia,Cash,2183.85
TXN000887,2024-04-30,PRD036,CUST0011,6,371.3,North,Mary Johnson,Debit Card,2227.8
TXN000937,2024-05-01,PRD030,CUST0155,2,154.77,East,Robert Garcia,Debit Card,309.54
TXN000334,2024-05-01,PRD009,CUST0026,8,399.46,South,David Lee,Credit Card,3195.68
TXN000174,2024-05-01,PRD027,CUST0190,8,401.4,South,Lisa Martinez,Cash,3211.2
TXN000213,2024-05-01,PRD020,CUST0185,5,307.79,North,Jennifer Davis,Credit Card,1538.95
TXN000260,2024-05-02,PRD010,CUST0185,6,300.28,North,Mary Johnson,Cash,1801.6799999999998
TXN000851,2024-05-02,PRD003,CUST0069,7,160.06,East,Jennifer Davis,Credit Card,1120.42
TXN000550,2024-05-02,PRD022,CUST0096,9,435.28,West,John Smith,Credit Card,3917.5199999999995
TXN000470,2024-05-02,PRD004,CUST0121,7,29.65,South,John Smith,PayPal,207.54999999999998
TXN000135,2024-05-02,PRD029,CUST0141,3,355.73,West,Lisa Martinez,Credit Card,1067.19
TXN000807,2024-05-02,PRD006,CUST0018,5,462.15,North,Jennifer Davis,Debit Card,2310.75
TXN000710,2024-05-02,PRD027,CUST0086,7,361.62,Central,Michael Brown,Debit Card,2531.34
TXN000623,2024-05-03,PRD046,CUST0188,2,22.56,East,Mary Johnson,Credit Card,45.12
TXN000620,2024-05-03,PRD024,CUST0129,7,433.03,North,Mary Johnson,Credit Card,3031.21
TXN000137,2024-05-03,PRD006,CUST0160,6,98.48,East,Sarah Wilson,Credit Card,590.88
TXN000913,2024-05-03,PRD005,CUST0042,4,260.99,South,Jennifer Davis,PayPal,1043.96
TXN000601,2024-05-04,PRD044,CUST0153,1,410.74,West,Lisa Martinez,Cash,410.74
TXN000569,2024-05-04,PRD040,CUST0058,8,472.86,South,Robert Garcia,PayPal,3782.88
TXN000632,2024-05-04,PRD033,CUST0078,3,361.88,West,John Smith,Debit Card,1085.6399999999999
TXN000825,2024-05-04,PRD045,CUST0137,9,225.36,East,David Lee,Debit Card,2028.2400000000002
TXN000180,2024-05-04,PRD043,CUST0137,2,317.48,West,John Smith,Cash,634.96
TXN000442,2024-05-04,PRD020,CUST0031,1,88.18,West,Lisa Martinez,Cash,88.18
TXN000278,2024-05-05,PRD037,CUST0177,9,441.63,South,Michael Brown,PayPal,3974.67
TXN000597,2024-05-05,PRD020,CUST0062,3,405.84,North,Lisa Martinez,PayPal,1217.52
TXN000063,2024-05-05,PRD002,CUST0082,8,329.2,Central,John Smith,Credit Card,2633.6
TXN000433,2024-05-05,PRD029,CUST0147,1,278.32,North,Mary Johnson,Credit Card,278.32
TXN000004,2024-05-05,PRD020,CUST0044,5,61.01,Central,Sarah Wilson,PayPal,305.05
TXN000906,2024-05-05,PRD029,CUST0151,8,448.61,South,Lisa Martinez,Debit Card,3588.88
TXN000546,2024-05-06,PRD024,CUST0165,4,482.91,East,Sarah Wilson,Cash,1931.64
TXN000251,2024-05-06,PRD022,CUST0081,8,364.48,South,Michael Brown,Credit Card,2915.84
TXN000158,2024-05-06,PRD007,CUST0036,1,365.14,Central,David Lee,Credit Card,365.14
TXN000086,2024-05-06,PRD017,CUST0128,9,184.28,West,Mary Johnson,PayPal,1658.52
TXN000466,2024-05-06,PRD039,CUST0096,4,218.49,North,Jennifer Davis,Credit Card,873.96
TXN000452,2024-05-07,PRD040,CUST0177,6,362.41,East,David Lee,Wire Transfer,2174.46
TXN000329,2024-05-07,PRD001,CUST0026,4,144.08,East,Sarah Wilson,Wire Transfer,576.32
TXN000197,2024-05-07,PRD004,CUST0007,8,198.32,Central,Mary Johnson,Debit Card,1586.56
TXN000342,2024-05-07,PRD023,CUST0168,7,84.02,West,John Smith,Credit Card,588.14
TXN000692,2024-05-07,PRD008,CUST0049,4,92.33,Central,John Smith,Credit Card,369.32
TXN000206,2024-05-07,PRD043,CUST0185,3,239.03,North,Jennifer Davis,Debit Card,717.09
TXN000301,2024-05-08,PRD008,CUST0021,1,481.87,North,Sarah Wilson,PayPal,481.87
TXN000953,2024-05-08,PRD005,CUST0111,1,295.39,Central,Sarah Wilson,Debit Card,295.39
TXN000643,2024-05-08,PRD033,CUST0189,4,182.3,West,Lisa Martinez,Cash,729.2
TXN000930,2024-05-08,PRD016,CUST0089,3,58.21,North,Michael Brown,Debit Card,174.63
TXN000106,2024-05-08,PRD048,CUST0168,7,252.79,West,John Smith,Debit Card,1769.53
TXN000752,2024-05-08,PRD012,CUST0145,3,180.31,East,Michael Brown,Cash,540.9300000000001
TXN000680,2024-05-09,PRD050,CUST0100,1,451.01,West,Lisa Martinez,PayPal,451.01
TXN000784,2024-05-09,PRD050,CUST0044,3,253.51,West,David Lee,PayPal,760.53
TXN000536,2024-05-09,PRD048,CUST0016,6,468.94,North,Robert Garcia,Debit Card,2813.64
TXN000920,2024-05-10,PRD046,CUST0085,3,15.93,Central,Lisa Martinez,Credit Card,47.79
TXN000918,2024-05-10,PRD011,CUST0174,6,45.32,South,Mary Johnson,Debit Card,271.92
TXN000382,2024-05-10,PRD015,CUST0135,7,400.8,Central,John Smith,Debit Card,2805.6
TXN000973,2024-05-11,PRD004,CUST0190,2,432.07,Central,Mary Johnson,Credit Card,864.14
TXN000556,2024-05-11,PRD010,CUST0175,5,24.69,West,John Smith,PayPal,123.45
TXN000465,2024-05-12,PRD021,CUST0156,9,373.93,Central,Michael Brown,Cash,3365.37
TXN000612,2024-05-12,PRD011,CUST0113,6,192.89,East,Mary Johnson,Cash,1157.34
TXN000257,2024-05-13,PRD043,CUST0091,6,427.09,West,Jennifer Davis,Cash,2562.54
TXN000369,2024-05-13,PRD006,CUST0192,3,461.22,East,Mary Johnson,Credit Card,1383.66
TXN000526,2024-05-13,PRD046,CUST0191,4,242.57,North,John Smith,Cash,970.28
TXN000991,2024-05-14,PRD018,CUST0143,1,410.71,East,Robert Garcia,Debit Card,410.71
TXN000087,2024-05-14,PRD012,CUST0132,7,362.33,North,Robert Garcia,Cash,2536.31
TXN000117,2024-05-14,PRD015,CUST0094,4,459.48,Central,Michael Brown,Credit Card,1837.92
TXN000310,2024-05-14,PRD034,CUST0138,9,357.0,East,Lisa Martinez,Debit Card,3213.0
TXN000877,2024-05-15,PRD042,CUST0180,5,480.19,North,David Lee,Cash,2400.95
TXN000274,2024-05-15,PRD020,CUST0198,1,343.27,Central,Mary Johnson,Debit Card,343.27
TXN000084,2024-05-15,PRD009,CUST0196,5,200.75,North,John Smith,Debit Card,1003.75
TXN000726,2024-05-15,PRD003,CUST0062,8,264.34,East,David Lee,Credit Card,2114.72
TXN000261,2024-05-15,PRD048,CUST0175,6,414.09,East,Jennifer Davis,Cash,2484.54
TXN000371,2024-05-15,PRD007,CUST0010,6,400.3,North,Sarah Wilson,Credit Card,2401.8
TXN000146,2024-05-15,PRD038,CUST0143,9,242.36,West,David Lee,Credit Card,2181.2400000000002
TXN000987,2024-05-15,PRD017,CUST0023,7,31.16,West,Michael Brown,Credit Card,218.12
TXN000036,2024-05-15,PRD018,CUST0104,2,223.7,North,Sarah Wilson,Debit Card,447.4
TXN000298,2024-05-15,PRD014,CUST0011,7,62.42,North,John Smith,Credit Card,436.94
TXN000225,2024-05-15,PRD036,CUST0005,1,497.5,South,Sarah Wilson,Cash,497.5
TXN000289,2024-05-15,PRD018,CUST0147,3,13.13,North,John Smith,Credit Card,39.39
TXN000707,2024-05-15,PRD023,CUST0056,9,350.62,East,John Smith,Credit Card,3155.58
TXN000837,2024-05-16,PRD005,CUST0179,9,38.31,North,John Smith,Debit Card,344.79
TXN000732,2024-05-16,PRD002,CUST0120,6,328.93,West,Michael Brown,Credit Card,1973.58
TXN000109,2024-05-16,PRD029,CUST0074,3,130.74,South,Lisa Martinez,Credit Card,392.22
TXN000800,2024-05-16,PRD032,CUST0013,8,350.53,Central,Robert Garcia,Debit Card,2804.24
TXN000060,2024-05-16,PRD042,CUST0132,8,292.49,West,Sarah Wilson,Debit Card,2339.92
TXN000343,2024-05-16,PRD005,CUST0122,8,221.84,South,David Lee,Credit Card,1774.72
TXN000757,2024-05-17,PRD031,CUST0067,6,205.66,North,John Smith,Debit Card,1233.96
TXN000075,2024-05-17,PRD014,CUST0158,1,215.2,Central,John Smith,Debit Card,215.2
TXN000595,2024-05-17,PRD035,CUST0197,5,170.25,South,John Smith,Credit Card,851.25
TXN000641,2024-05-18,PRD004,CUST0143,1,39.53,East,Lisa Martinez,Credit Card,39.53
TXN000591,2024-05-18,PRD049,CUST0009,3,287.84,East,Michael Brown,PayPal,863.52
TXN000067,2024-05-18,PRD009,CUST0069,8,77.07,South,Sarah Wilson,Credit Card,616.56
TXN000744,2024-05-19,PRD049,CUST0121,6,479.24,East,John Smith,Debit Card,2875.44
TXN000971,2024-05-19,PRD028,CUST0163,8,150.09,South,Lisa Martinez,Debit Card,1200.72
TXN000507,2024-05-19,PRD019,CUST0131,2,389.0,West,Lisa Martinez,Credit Card,778.0
TXN000821,2024-05-19,PRD039,CUST0169,5,483.25,Central,Michael Brown,Debit Card,2416.25
TXN000476,2024-05-19,PRD033,CUST0064,3,437.98,East,Mary Johnson,Debit Card,1313.94
TXN000293,2024-05-19,PRD032,CUST0102,3,319.59,West,Mary Johnson,Cash,958.77
TXN000003,2024-05-20,PRD045,CUST0040,8,19.66,North,Jennifer Davis,Cash,157.28
TXN000471,2024-05-20,PRD029,CUST0194,9,434.85,North,Sarah Wilson,Debit Card,3913.65
TXN000944,2024-05-20,PRD026,CUST0008,4,389.57,North,Mary Johnson,Credit Card,1558.28
TXN000665,2024-05-20,PRD031,CUST0138,3,481.83,North,John Smith,Debit Card,1445.49
TXN000305,2024-05-21,PRD019,CUST0066,6,60.23,Central,Sarah Wilson,Credit Card,361.38
TXN000615,2024-05-21,PRD009,CUST0056,1,305.69,South,David Lee,Credit Card,305.69
TXN000833,2024-05-21,PRD028,CUST0138,6,392.57,North,Jennifer Davis,Credit Card,2355.42
TXN000653,2024-05-21,PRD046,CUST0172,2,360.91,West,David Lee,Debit Card,721.82
TXN000467,2024-05-21,PRD031,CUST0107,5,179.51,West,John Smith,Credit Card,897.55
TXN000204,2024-05-22,PRD027,CUST0148,2,440.77,North,Michael Brown,Debit Card,881.54
TXN000362,2024-05-22,PRD002,CUST0045,5,390.53,East,David Lee,Credit Card,1952.6499999999999
TXN000360,2024-05-22,PRD008,CUST0186,9,100.91,West,Sarah Wilson,Credit Card,908.1899999999999
TXN000763,2024-05-22,PRD050,CUST0076,1,265.27,South,David Lee,Credit Card,265.27
TXN000026,2024-05-22,PRD038,CUST0008,7,447.41,West,Michael Brown,Debit Card,3131.8700000000003
TXN000599,2024-05-22,PRD013,CUST0018,5,400.93,West,Michael Brown,Debit Card,2004.65
TXN000534,2024-05-22,PRD043,CUST0017,1,37.97,North,David Lee,Credit Card,37.97
TXN000021,2024-05-22,PRD043,CUST0197,1,111.86,East,Jennifer Davis,PayPal,111.86
TXN000053,2024-05-22,PRD018,CUST0082,6,492.36,South,Mary Johnson,Credit Card,2954.16
TXN000175,2024-05-22,PRD047,CUST0077,1,498.99,East,Jennifer Davis,Debit Card,498.99
TXN000614,2024-05-23,PRD039,CUST0139,2,45.87,Central,David Lee,PayPal,91.74
TXN000722,2024-05-24,PRD036,CUST0155,2,168.45,East,Robert Garcia,Credit Card,336.9
TXN000655,2024-05-24,PRD022,CUST0135,9,212.64,Central,John Smith,Credit Card,1913.7599999999998
TXN000839,2024-05-24,PRD041,CUST0111,1,492.0,Central,Michael Brown,Cash,492.0
TXN000294,2024-05-24,PRD039,CUST0089,8,137.3,East,Jennifer Davis,Debit Card,1098.4
TXN000422,2024-05-25,PRD037,CUST0002,2,468.74,North,John Smith,PayPal,937.48
TXN000673,2024-05-25,PRD010,CUST0015,6,411.4,Central,Mary Johnson,Debit Card,2468.3999999999996
TXN000280,2024-05-25,PRD006,CUST0126,8,24.33,West,Lisa Martinez,PayPal,194.64
TXN000227,2024-05-26,PRD008,CUST0081,4,204.16,East,John Smith,Cash,816.64
TXN000410,2024-05-26,PRD005,CUST0110,3,48.5,East,Michael Brown,Cash,145.5
TXN000474,2024-05-26,PRD046,CUST0056,7,365.38,West,Michael Brown,Cash,2557.66
TXN000948,2024-05-26,PRD034,CUST0126,1,484.56,North,Jennifer Davis,Debit Card,484.56
TXN000923,2024-05-27,PRD012,CUST0190,9,183.09,Central,Mary Johnson,Wire Transfer,1647.81
TXN000738,2024-05-27,PRD043,CUST0093,9,334.3,Central,John Smith,Cash,3008.7000000000003
TXN000802,2024-05-27,PRD034,CUST0002,7,488.05,North,Mary Johnson,Cash,3416.35
TXN000888,2024-05-27,PRD008,CUST0059,6,243.25,North,Sarah Wilson,Cash,1459.5
TXN000721,2024-05-27,PRD033,CUST0179,9,104.01,East,Robert Garcia,Credit Card,936.09
TXN000778,2024-05-27,PRD003,CUST0126,4,159.71,East,Robert Garcia,Credit Card,638.84
TXN000048,2024-05-28,PRD035,CUST0088,4,275.4,East,Lisa Martinez,Cash,1101.6
TXN000668,2024-05-29,PRD001,CUST0058,3,279.61,West,Robert Garcia,Credit Card,838.83
TXN000819,2024-05-29,PRD020,CUST0158,3,481.93,South,John Smith,Credit Card,1445.79
TXN000718,2024-05-29,PRD034,CUST0194,9,48.92,Central,Michael Brown,Cash,440.28000000000003
TXN000042,2024-05-30,PRD029,CUST0041,2,248.84,South,Robert Garcia,Credit Card,497.68
TXN000629,2024-05-30,PRD011,CUST0173,2,307.87,Central,Michael Brown,Credit Card,615.74
TXN000112,2024-05-30,PRD033,CUST0028,4,350.4,East,Jennifer Davis,Cash,1401.6
TXN000901,2024-05-30,PRD009,CUST0009,8,28.83,East,John Smith,Wire Transfer,230.64
TXN000941,2024-05-31,PRD006,CUST0102,8,110.79,West,Lisa Martinez,Cash,886.32
TXN000963,2024-05-31,PRD009,CUST0064,1,225.31,North,Mary Johnson,Credit Card,225.31
TXN000975,2024-05-31,PRD034,CUST0082,3,460.27,North,David Lee,PayPal,1380.81
TXN000400,2024-05-31,PRD007,CUST0087,3,254.46,West,David Lee,Wire Transfer,763.38
TXN000232,2024-05-31,PRD028,CUST0053,8,119.98,South,David Lee,Debit Card,959.84
TXN000658,2024-05-31,PRD003,CUST0107,6,343.75,South,Sarah Wilson,Debit Card,2062.5
TXN000940,2024-05-31,PRD040,CUST0153,6,197.15,North,Jennifer Davis,Debit Card,1182.9
TXN000501,2024-06-01,PRD005,CUST0175,3,90.13,North,Mary Johnson,Debit Card,270.39
TXN000122,2024-06-01,PRD034,CUST0103,9,275.53,East,Sarah Wilson,Credit Card,2479.7699999999995
TXN000840,2024-06-01,PRD026,CUST0046,7,127.2,Central,Sarah Wilson,Credit Card,890.4
TXN000700,2024-06-01,PRD016,CUST0019,7,277.88,West,Jennifer Davis,Cash,1945.1599999999999
TXN000394,2024-06-02,PRD023,CUST0166,7,29.41,North,David Lee,Debit Card,205.87
TXN000896,2024-06-02,PRD019,CUST0176,4,164.55,West,Lisa Martinez,Debit Card,658.2
TXN000286,2024-06-02,PRD004,CUST0071,5,410.8,East,John Smith,Credit Card,2054.0
TXN000264,2024-06-02,PRD006,CUST0068,8,287.21,East,David Lee,Debit Card,2297.68
TXN000928,2024-06-02,PRD013,CUST0129,5,100.75,East,David Lee,Credit Card,503.75
TXN000662,2024-06-03,PRD009,CUST0097,4,62.37,East,Lisa Martinez,Credit Card,249.48
TXN000406,2024-06-03,PRD010,CUST0045,1,263.68,North,Robert Garcia,Debit Card,263.68
TXN000571,2024-06-03,PRD039,CUST0194,6,253.62,South,Jennifer Davis,Credit Card,1521.72
TXN000932,2024-06-03,PRD002,CUST0026,9,384.54,South,Jennifer Davis,Cash,3460.86
TXN000283,2024-06-03,PRD011,CUST0090,3,174.21,East,Sarah Wilson,Debit Card,522.63
TXN000409,2024-06-04,PRD042,CUST0104,2,26.27,North,Michael Brown,Cash,52.54
TXN000690,2024-06-04,PRD030,CUST0138,1,231.37,Central,David Lee,Debit Card,231.37
TXN000742,2024-06-04,PRD038,CUST0026,5,39.47,East,Michael Brown,PayPal,197.35
TXN000353,2024-06-05,PRD028,CUST0197,7,114.42,East,Mary Johnson,Cash,800.94
TXN000633,2024-06-05,PRD010,CUST0037,2,478.21,South,John Smith,Cash,956.42
TXN000642,2024-06-05,PRD026,CUST0152,5,467.87,North,Jennifer Davis,Credit Card,2339.35
TXN000702,2024-06-05,PRD010,CUST0195,7,201.54,West,David Lee,Credit Card,1410.78
TXN000324,2024-06-06,PRD049,CUST0136,3,168.57,West,David Lee,Debit Card,505.71
TXN000134,2024-06-06,PRD046,CUST0196,9,29.32,South,Michael Brown,PayPal,263.88
TXN000737,2024-06-06,PRD047,CUST0067,5,497.13,West,John Smith,Credit Card,2485.65
TXN000957,2024-06-07,PRD005,CUST0170,9,72.77,Central,Michael Brown,Credit Card,654.93
TXN000427,2024-06-07,PRD041,CUST0193,9,359.9,Central,Jennifer Davis,PayPal,3239.1
TXN000396,2024-06-07,PRD047,CUST0184,1,61.42,East,David Lee,Credit Card,61.42
TXN000151,2024-06-08,PRD039,CUST0155,7,28.13,South,John Smith,Credit Card,196.91
TXN000561,2024-06-08,PRD050,CUST0090,3,485.26,West,John Smith,Debit Card,1455.78
TXN000809,2024-06-08,PRD039,CUST0039,9,307.06,East,David Lee,Cash,2763.54
TXN000564,2024-06-08,PRD034,CUST0138,2,227.44,North,Lisa Martinez,Cash,454.88
TXN000236,2024-06-09,PRD040,CUST0157,3,294.24,Central,Jennifer Davis,PayPal,882.72
TXN000376,2024-06-09,PRD034,CUST0028,5,220.85,West,David Lee,Credit Card,1104.25
TXN000259,2024-06-09,PRD005,CUST0198,6,245.49,West,Mary Johnson,PayPal,1472.94
TXN000392,2024-06-09,PRD013,CUST0188,4,431.46,South,David Lee,Wire Transfer,1725.84
TXN000266,2024-06-10,PRD034,CUST0124,5,440.53,East,David Lee,Debit Card,2202.6499999999996
TXN000078,2024-06-10,PRD050,CUST0041,3,33.01,Central,Jennifer Davis,Credit Card,99.03
TXN000073,2024-06-10,PRD014,CUST0075,9,95.93,North,Robert Garcia,Debit Card,863.3700000000001
TXN000783,2024-06-10,PRD023,CUST0118,4,460.5,South,Sarah Wilson,Debit Card,1842.0
TXN000256,2024-06-10,PRD037,CUST0140,3,47.3,South,Robert Garcia,Credit Card,141.89999999999998
TXN000647,2024-06-10,PRD006,CUST0110,4,149.59,West,Jennifer Davis,Credit Card,598.36
TXN000856,2024-06-11,PRD042,CUST0118,4,444.44,South,Lisa Martinez,Credit Card,1777.76
TXN000883,2024-06-11,PRD012,CUST0085,4,58.06,East,David Lee,Cash,232.24
TXN000457,2024-06-11,PRD038,CUST0158,3,107.78,West,Michael Brown,Cash,323.34000000000003
TXN000478,2024-06-12,PRD012,CUST0194,2,216.64,West,Robert Garcia,Debit Card,433.28
TXN000413,2024-06-13,PRD041,CUST0023,7,288.1,South,Robert Garcia,Debit Card,2016.7000000000003
TXN000772,2024-06-13,PRD020,CUST0141,6,158.53,West,Mary Johnson,Cash,951.1800000000001
TXN000849,2024-06-13,PRD044,CUST0065,6,408.85,West,John Smith,Credit Card,2453.1000000000004
TXN000785,2024-06-14,PRD004,CUST0188,1,496.16,East,John Smith,Credit Card,496.16
TXN000129,2024-06-14,PRD026,CUST0074,1,132.34,North,Sarah Wilson,Wire Transfer,132.34
TXN000596,2024-06-14,PRD016,CUST0005,5,337.12,East,Sarah Wilson,Debit Card,1685.6
TXN000751,2024-06-14,PRD042,CUST0012,3,380.52,South,John Smith,Debit Card,1141.56
TXN000899,2024-06-15,PRD013,CUST0145,8,134.79,West,Lisa Martinez,Credit Card,1078.32
TXN000069,2024-06-15,PRD014,CUST0064,9,438.21,East,Jennifer Davis,Debit Card,3943.89
TXN000607,2024-06-15,PRD050,CUST0013,2,204.12,South,Sarah Wilson,Cash,408.24
TXN000998,2024-06-16,PRD033,CUST0091,9,259.1,North,Robert Garcia,Credit Card,2331.9
TXN000964,2024-06-16,PRD050,CUST0183,7,310.34,North,Michael Brown,PayPal,2172.3799999999997
TXN000398,2024-06-16,PRD010,CUST0004,8,493.46,East,Mary Johnson,Credit Card,3947.68
TXN000528,2024-06-16,PRD020,CUST0149,3,404.78,Central,David Lee,Credit Card,1214.34
TXN000531,2024-06-16,PRD042,CUST0109,2,110.86,South,Mary Johnson,Debit Card,221.72
TXN000881,2024-06-17,PRD002,CUST0112,3,232.64,Central,Sarah Wilson,Debit Card,697.92
TXN000775,2024-06-17,PRD035,CUST0087,3,52.94,West,Mary Johnson,Debit Card,158.82
TXN000359,2024-06-17,PRD019,CUST0190,6,484.41,Central,Michael Brown,Wire Transfer,2906.46
TXN000171,2024-06-18,PRD022,CUST0042,7,438.6,South,Robert Garcia,Cash,3070.2000000000003
TXN000638,2024-06-18,PRD023,CUST0077,8,450.03,North,John Smith,Debit Card,3600.24
TXN000489,2024-06-18,PRD024,CUST0016,6,98.04,West,Sarah Wilson,Debit Card,588.24
TXN000865,2024-06-18,PRD029,CUST0167,4,213.92,West,Sarah Wilson,Credit Card,855.68
TXN000391,2024-06-18,PRD033,CUST0042,5,350.54,Central,Lisa Martinez,Cash,1752.7
TXN000366,2024-06-18,PRD030,CUST0102,6,316.85,Central,Mary Johnson,Credit Card,1901.1000000000001
TXN000308,2024-06-19,PRD038,CUST0055,3,43.24,West,David Lee,Debit Card,129.72
TXN000846,2024-06-19,PRD002,CUST0050,7,40.52,South,John Smith,Credit Card,283.64000000000004
TXN000340,2024-06-19,PRD036,CUST0041,4,143.9,East,Michael Brown,PayPal,575.6
TXN000771,2024-06-19,PRD021,CUST0128,5,27.72,North,Lisa Martinez,Cash,138.6
TXN000477,2024-06-20,PRD042,CUST0175,7,451.34,South,Lisa Martinez,Debit Card,3159.3799999999997
TXN000424,2024-06-20,PRD041,CUST0099,4,275.24,East,David Lee,Cash,1100.96
TXN000604,2024-06-21,PRD030,CUST0154,1,12.82,South,David Lee,Credit Card,12.82
TXN000029,2024-06-21,PRD010,CUST0140,3,137.12,South,Michael Brown,Credit Card,411.36
TXN000532,2024-06-21,PRD022,CUST0089,9,64.84,East,Mary Johnson,Cash,583.5600000000001
TXN000512,2024-06-21,PRD010,CUST0132,1,46.01,Central,Jennifer Davis,Credit Card,46.01
TXN000195,2024-06-22,PRD009,CUST0177,9,493.98,West,Jennifer Davis,Cash,4445.82
TXN000976,2024-06-22,PRD010,CUST0093,2,133.6,East,Michael Brown,Cash,267.2
TXN000161,2024-06-22,PRD042,CUST0122,2,274.35,Central,Lisa Martinez,Credit Card,548.7
TXN000878,2024-06-22,PRD018,CUST0044,4,249.05,North,Mary Johnson,Debit Card,996.2
TXN000025,2024-06-23,PRD027,CUST0164,3,216.5,North,Robert Garcia,Debit Card,649.5
TXN000613,2024-06-23,PRD013,CUST0060,3,121.36,North,John Smith,Cash,364.08
TXN000677,2024-06-23,PRD034,CUST0143,5,309.38,East,David Lee,Debit Card,1546.9
TXN000579,2024-06-23,PRD011,CUST0137,1,115.68,West,John Smith,Credit Card,115.68
TXN000110,2024-06-23,PRD050,CUST0138,7,411.36,East,Lisa Martinez,Credit Card,2879.52
TXN000835,2024-06-23,PRD041,CUST0005,7,38.5,North,Michael Brown,PayPal,269.5
TXN000296,2024-06-24,PRD027,CUST0038,2,274.59,West,Jennifer Davis,Cash,549.18
TXN000845,2024-06-25,PRD011,CUST0062,3,349.16,East,David Lee,Debit Card,1047.48
TXN000375,2024-06-25,PRD026,CUST0155,4,345.93,East,David Lee,Debit Card,1383.72
TXN000636,2024-06-25,PRD015,CUST0057,6,13.71,West,David Lee,Debit Card,82.26
TXN000035,2024-06-25,PRD027,CUST0176,7,280.5,Central,John Smith,Cash,1963.5
TXN000927,2024-06-25,PRD008,CUST0021,9,334.07,North,Sarah Wilson,Credit Card,3006.63
TXN000574,2024-06-26,PRD011,CUST0119,1,289.6,West,Robert Garcia,Credit Card,289.6
TXN000276,2024-06-27,PRD021,CUST0181,6,378.83,North,Robert Garcia,Cash,2272.98
TXN000769,2024-06-27,PRD013,CUST0146,8,393.19,West,Mary Johnson,Debit Card,3145.52
TXN000352,2024-06-28,PRD037,CUST0016,5,122.68,North,David Lee,Credit Card,613.4000000000001
TXN000541,2024-06-28,PRD043,CUST0105,8,164.92,East,Lisa Martinez,Credit Card,1319.36
TXN000363,2024-06-28,PRD021,CUST0107,1,387.75,East,Mary Johnson,Credit Card,387.75
TXN000950,2024-06-29,PRD050,CUST0092,6,153.48,East,John Smith,Credit Card,920.8799999999999
TXN000500,2024-06-29,PRD022,CUST0030,6,300.55,South,Robert Garcia,Debit Card,1803.3000000000002
TXN000639,2024-06-29,PRD002,CUST0071,7,129.31,East,Michael Brown,Credit Card,905.1700000000001
TXN000187,2024-06-30,PRD006,CUST0095,4,127.0,East,Sarah Wilson,Cash,508.0
TXN000058,2024-06-30,PRD043,CUST0195,2,458.01,West,Sarah Wilson,PayPal,916.02
TXN000331,2024-06-30,PRD048,CUST0085,6,218.83,West,Jennifer Davis,Credit Card,1312.98
TXN000611,2024-06-30,PRD027,CUST0103,6,126.4,East,Sarah Wilson,Debit Card,758.4000000000001
TXN000902,2024-07-02,PRD005,CUST0046,1,451.86,South,John Smith,Credit Card,451.86
TXN000327,2024-07-02,PRD021,CUST0060,6,344.81,West,Michael Brown,Cash,2068.86
TXN000939,2024-07-02,PRD009,CUST0158,3,316.09,East,David Lee,Credit Card,948.27
TXN000034,2024-07-02,PRD040,CUST0063,9,210.61,South,Jennifer Davis,Credit Card,1895.4900000000002
TXN000660,2024-07-03,PRD031,CUST0039,4,267.33,East,Robert Garcia,PayPal,1069.32
TXN000043,2024-07-04,PRD016,CUST0113,4,448.33,West,Jennifer Davis,Cash,1793.32
TXN000585,2024-07-04,PRD044,CUST0040,7,499.71,North,John Smith,Credit Card,3497.97
TXN000133,2024-07-04,PRD032,CUST0116,4,472.59,West,Robert Garcia,Credit Card,1890.36
TXN000795,2024-07-04,PRD025,CUST0016,1,397.11,East,Michael Brown,Debit Card,397.11
TXN000090,2024-07-04,PRD002,CUST0079,2,243.26,East,Jennifer Davis,Credit Card,486.52
TXN000055,2024-07-05,PRD008,CUST0089,4,94.12,West,Mary Johnson,Credit Card,376.48
TXN000960,2024-07-05,PRD044,CUST0198,6,120.06,East,Lisa Martinez,Cash,720.36
TXN000388,2024-07-05,PRD041,CUST0050,3,245.17,North,Michael Brown,Credit Card,735.51
TXN000325,2024-07-05,PRD017,CUST0058,9,249.44,Central,Sarah Wilson,Credit Card,2244.96
TXN000983,2024-07-06,PRD023,CUST0195,4,96.94,Central,Lisa Martinez,PayPal,387.76
TXN000969,2024-07-06,PRD050,CUST0098,3,444.59,West,Jennifer Davis,Debit Card,1333.77
TXN000557,2024-07-07,PRD005,CUST0170,4,160.89,Central,Robert Garcia,Cash,643.56
TXN000634,2024-07-07,PRD028,CUST0170,4,18.93,East,John Smith,Credit Card,75.72
TXN000990,2024-07-07,PRD036,CUST0115,2,365.73,North,Lisa Martinez,PayPal,731.46
TXN000576,2024-07-08,PRD045,CUST0185,9,466.16,Central,Robert Garcia,Debit Card,4195.4400000000005
TXN000057,2024-07-08,PRD006,CUST0034,2,19.01,Central,John Smith,Debit Card,38.02
TXN000279,2024-07-08,PRD039,CUST0181,5,437.2,West,Mary Johnson,Cash,2186.0
TXN000319,2024-07-08,PRD014,CUST0151,7,377.33,South,Jennifer Davis,Cash,2641.31
TXN000993,2024-07-09,PRD041,CUST0132,7,257.87,West,David Lee,Cash,1805.0900000000001
TXN000153,2024-07-10,PRD019,CUST0103,3,122.7,East,John Smith,Credit Card,368.1
TXN000126,2024-07-10,PRD002,CUST0050,7,332.8,Central,Robert Garcia,Debit Card,2329.6
TXN000903,2024-07-10,PRD029,CUST0081,9,236.12,West,Jennifer Davis,Credit Card,2125.08
TXN000565,2024-07-11,PRD003,CUST0101,8,435.39,East,Mary Johnson,PayPal,3483.12
TXN000040,2024-07-12,PRD014,CUST0177,9,78.66,East,John Smith,Cash,707.9399999999999
TXN000847,2024-07-12,PRD010,CUST0159,3,259.62,North,Mary Johnson,Wire Transfer,778.86
TXN000497,2024-07-13,PRD004,CUST0084,9,228.2,North,John Smith,PayPal,2053.7999999999997
TXN000533,2024-07-13,PRD009,CUST0180,1,142.18,North,Lisa Martinez,Debit Card,142.18
TXN000697,2024-07-13,PRD041,CUST0155,2,21.58,West,Sarah Wilson,Cash,43.16
TXN000527,2024-07-13,PRD006,CUST0056,3,423.64,South,Lisa Martinez,Credit Card,1270.92
TXN000052,2024-07-13,PRD026,CUST0184,2,419.12,Central,Sarah Wilson,Debit Card,838.24
TXN000066,2024-07-13,PRD016,CUST0032,5,15.39,West,Mary Johnson,Credit Card,76.95
TXN000603,2024-07-13,PRD029,CUST0115,4,276.8,Central,John Smith,Credit Card,1107.2
TXN000404,2024-07-13,PRD012,CUST0194,5,14.79,East,Robert Garcia,Credit Card,73.94999999999999
TXN000222,2024-07-13,PRD015,CUST0180,8,484.86,South,Sarah Wilson,Debit Card,3878.88
TXN000032,2024-07-13,PRD007,CUST0078,7,141.35,North,Lisa Martinez,Credit Card,989.4499999999999
TXN000882,2024-07-13,PRD048,CUST0166,4,423.73,Central,John Smith,Credit Card,1694.92
TXN000103,2024-07-14,PRD027,CUST0073,3,62.23,South,Lisa Martinez,PayPal,186.69
TXN000858,2024-07-14,PRD024,CUST0063,4,105.37,Central,John Smith,Credit Card,421.48
TXN000938,2024-07-14,PRD036,CUST0197,1,386.92,Central,Lisa Martinez,Debit Card,386.92
TXN000992,2024-07-14,PRD009,CUST0143,7,114.62,North,Michael Brown,PayPal,802.34
TXN000912,2024-07-14,PRD046,CUST0077,5,371.34,North,David Lee,Cash,1856.6999999999998
TXN000346,2024-07-14,PRD003,CUST0052,3,322.88,South,Michael Brown,Debit Card,968.64
TXN000852,2024-07-15,PRD009,CUST0102,3,315.71,East,Mary Johnson,Credit Card,947.1299999999999
TXN000483,2024-07-15,PRD029,CUST0136,8,315.25,North,Sarah Wilson,Credit Card,2522.0
TXN000934,2024-07-15,PRD036,CUST0060,2,20.26,West,Mary Johnson,Debit Card,40.52
TXN000439,2024-07-15,PRD023,CUST0061,8,50.0,North,Robert Garcia,PayPal,400.0
TXN000828,2024-07-15,PRD029,CUST0004,8,115.86,East,David Lee,Debit Card,926.88
TXN000859,2024-07-16,PRD025,CUST0179,6,190.2,East,Mary Johnson,Credit Card,1141.1999999999998
TXN000380,2024-07-16,PRD048,CUST0165,1,295.17,East,Mary Johnson,Debit Card,295.17
TXN000102,2024-07-16,PRD048,CUST0013,5,387.75,North,John Smith,Debit Card,1938.75
TXN000224,2024-07-18,PRD023,CUST0049,8,464.6,South,David Lee,Credit Card,3716.8
TXN000502,2024-07-18,PRD022,CUST0053,6,201.63,Central,Mary Johnson,Credit Card,1209.78
TXN000495,2024-07-18,PRD044,CUST0039,1,131.14,South,Sarah Wilson,Debit Card,131.14
TXN000511,2024-07-18,PRD039,CUST0034,7,125.66,Central,John Smith,Credit Card,879.62
TXN000518,2024-07-20,PRD023,CUST0119,1,131.87,North,Robert Garcia,Debit Card,131.87
TXN000262,2024-07-21,PRD041,CUST0165,3,180.43,South,Sarah Wilson,Credit Card,541.29
TXN000985,2024-07-21,PRD019,CUST0027,8,492.49,Central,Mary Johnson,Credit Card,3939.92
TXN000081,2024-07-21,PRD001,CUST0185,3,50.57,Central,Lisa Martinez,Cash,151.71
TXN000943,2024-07-21,PRD020,CUST0084,7,311.36,Central,Jennifer Davis,Credit Card,2179.52
TXN000879,2024-07-22,PRD016,CUST0022,2,63.77,North,David Lee,Debit Card,127.54
TXN000566,2024-07-22,PRD043,CUST0136,2,96.8,Central,Lisa Martinez,Credit Card,193.6
TXN000982,2024-07-22,PRD015,CUST0093,3,331.52,North,Jennifer Davis,Credit Card,994.56
TXN000365,2024-07-23,PRD040,CUST0010,5,382.9,West,John Smith,Debit Card,1914.5
TXN000152,2024-07-23,PRD034,CUST0131,2,302.17,West,Mary Johnson,Credit Card,604.34
TXN000441,2024-07-23,PRD005,CUST0171,5,131.08,East,David Lee,Cash,655.4000000000001
TXN000089,2024-07-23,PRD043,CUST0128,8,287.54,West,John Smith,Cash,2300.32
TXN000358,2024-07-23,PRD027,CUST0137,2,241.87,North,Sarah Wilson,Cash,483.74
TXN000074,2024-07-24,PRD038,CUST0099,8,458.06,East,Jennifer Davis,PayPal,3664.48
TXN000219,2024-07-24,PRD010,CUST0063,3,392.0,South,Jennifer Davis,Debit Card,1176.0
TXN000779,2024-07-24,PRD049,CUST0186,1,204.52,South,David Lee,Credit Card,204.52
TXN000684,2024-07-24,PRD008,CUST0085,6,144.65,East,John Smith,Cash,867.9000000000001
TXN000249,2024-07-25,PRD049,CUST0135,4,192.62,South,Sarah Wilson,Credit Card,770.48
TXN000194,2024-07-25,PRD024,CUST0186,4,18.76,Central,Mary Johnson,Cash,75.04
TXN000743,2024-07-25,PRD048,CUST0185,6,285.53,West,Mary Johnson,Cash,1713.1799999999998
TXN000399,2024-07-25,PRD016,CUST0189,2,79.82,South,David Lee,Cash,159.64
TXN000787,2024-07-25,PRD022,CUST0044,2,112.17,East,Sarah Wilson,Credit Card,224.34
TXN000631,2024-07-26,PRD029,CUST0061,2,408.36,West,Jennifer Davis,Debit Card,816.72
TXN000513,2024-07-26,PRD022,CUST0107,3,93.18,North,Lisa Martinez,Cash,279.54
TXN000407,2024-07-26,PRD049,CUST0157,1,53.05,North,Mary Johnson,PayPal,53.05
TXN000621,2024-07-27,PRD036,CUST0075,5,264.35,West,John Smith,Credit Card,1321.75
TXN000332,2024-07-27,PRD028,CUST0184,5,231.18,North,Lisa Martinez,Debit Card,1155.9
TXN000811,2024-07-27,PRD035,CUST0056,3,95.67,East,David Lee,Credit Card,287.01
TXN000182,2024-07-27,PRD024,CUST0182,6,492.2,Central,Mary Johnson,Cash,2953.2
TXN000215,2024-07-27,PRD007,CUST0199,7,123.03,North,Robert Garcia,Cash,861.21
TXN000488,2024-07-27,PRD024,CUST0029,5,455.43,West,Robert Garcia,Credit Card,2277.15
TXN000770,2024-07-28,PRD003,CUST0063,3,357.28,Central,Sarah Wilson,Credit Card,1071.84
TXN000397,2024-07-28,PRD042,CUST0048,4,128.6,East,Sarah Wilson,Credit Card,514.4
TXN000873,2024-07-28,PRD034,CUST0122,8,15.94,East,Sarah Wilson,Debit Card,127.52
TXN000715,2024-07-28,PRD034,CUST0190,9,364.93,North,Robert Garcia,Credit Card,3284.37
TXN000341,2024-07-29,PRD043,CUST0105,3,475.92,West,Robert Garcia,Debit Card,1427.76
TXN000854,2024-07-29,PRD016,CUST0096,4,218.78,Central,Lisa Martinez,PayPal,875.12
TXN000776,2024-07-29,PRD031,CUST0066,4,469.11,North,David Lee,Credit Card,1876.44
TXN000907,2024-07-29,PRD006,CUST0037,9,321.97,East,Mary Johnson,Credit Card,2897.7300000000005
TXN000189,2024-07-29,PRD006,CUST0173,3,183.76,Central,John Smith,Credit Card,551.28
TXN000791,2024-07-30,PRD028,CUST0126,2,196.51,South,David Lee,Credit Card,393.02
TXN000337,2024-07-30,PRD046,CUST0036,7,50.37,North,John Smith,Debit Card,352.59
TXN000487,2024-07-31,PRD011,CUST0145,5,360.75,West,Jennifer Davis,Debit Card,1803.75
TXN000491,2024-07-31,PRD025,CUST0130,8,485.98,Central,Sarah Wilson,Debit Card,3887.84
TXN000822,2024-07-31,PRD046,CUST0125,5,221.92,West,Robert Garcia,Credit Card,1109.6
TXN000965,2024-07-31,PRD036,CUST0019,1,472.11,Central,Mary Johnson,Credit Card,472.11
TXN000437,2024-07-31,PRD038,CUST0093,1,267.94,North,John Smith,Cash,267.94
TXN000834,2024-07-31,PRD018,CUST0074,1,235.3,West,John Smith,Credit Card,235.3
TXN000694,2024-08-01,PRD039,CUST0069,6,432.77,Central,John Smith,Cash,2596.62
TXN000254,2024-08-02,PRD012,CUST0137,1,117.89,West,David Lee,Debit Card,117.89
TXN000018,2024-08-02,PRD025,CUST0068,6,449.2,South,John Smith,Credit Card,2695.2
TXN000503,2024-08-02,PRD007,CUST0184,7,485.01,West,Jennifer Davis,Credit Card,3395.0699999999997
TXN000581,2024-08-03,PRD029,CUST0059,9,202.99,North,Mary Johnson,PayPal,1826.91
TXN000494,2024-08-03,PRD022,CUST0138,4,251.22,South,Robert Garcia,Credit Card,1004.88
TXN000535,2024-08-03,PRD045,CUST0139,5,270.27,Central,Mary Johnson,Credit Card,1351.35
TXN000403,2024-08-03,PRD013,CUST0173,3,284.23,East,Robert Garcia,Credit Card,852.69
TXN000100,2024-08-04,PRD004,CUST0091,1,302.45,West,Robert Garcia,PayPal,302.45
TXN000148,2024-08-04,PRD046,CUST0194,1,423.83,West,Sarah Wilson,Debit Card,423.83
TXN000009,2024-08-04,PRD003,CUST0087,5,58.73,Central,Jennifer Davis,Debit Card,293.65
TXN000304,2024-08-04,PRD008,CUST0168,9,466.69,Central,Lisa Martinez,Credit Card,4200.21
TXN000188,2024-08-04,PRD006,CUST0085,4,64.13,South,Sarah Wilson,Cash,256.52
TXN000024,2024-08-04,PRD035,CUST0159,1,295.69,Central,Sarah Wilson,Debit Card,295.69
TXN000202,2024-08-04,PRD043,CUST0199,9,53.81,West,Michael Brown,Credit Card,484.29
TXN000228,2024-08-04,PRD049,CUST0108,1,381.54,Central,Lisa Martinez,Debit Card,381.54
TXN000728,2024-08-05,PRD025,CUST0083,1,402.17,North,Jennifer Davis,PayPal,402.17
TXN000929,2024-08-05,PRD009,CUST0191,9,95.31,East,Robert Garcia,Debit Card,857.79
TXN000637,2024-08-05,PRD029,CUST0106,1,327.26,West,Michael Brown,Credit Card,327.26
TXN000446,2024-08-05,PRD004,CUST0104,3,175.08,Central,Mary Johnson,PayPal,525.24
TXN000460,2024-08-06,PRD003,CUST0035,4,25.02,West,Robert Garcia,Debit Card,100.08
TXN000313,2024-08-06,PRD003,CUST0179,9,179.48,North,Lisa Martinez,Cash,1615.32
TXN000088,2024-08-07,PRD008,CUST0120,9,155.59,East,Sarah Wilson,Wire Transfer,1400.31
TXN000701,2024-08-07,PRD046,CUST0049,3,123.65,South,Lisa Martinez,Credit Card,370.95000000000005
TXN000521,2024-08-07,PRD045,CUST0186,6,91.85,North,Jennifer Davis,Credit Card,551.0999999999999
TXN000575,2024-08-07,PRD012,CUST0173,5,24.89,South,Mary Johnson,PayPal,124.45
TXN000321,2024-08-08,PRD014,CUST0063,2,381.55,Central,David Lee,Credit Card,763.1
TXN000904,2024-08-08,PRD012,CUST0005,6,322.23,South,Michael Brown,PayPal,1933.38
TXN000186,2024-08-08,PRD005,CUST0005,3,371.42,Central,Michael Brown,Debit Card,1114.26
TXN000412,2024-08-08,PRD050,CUST0084,3,75.03,East,Sarah Wilson,Cash,225.09
TXN000389,2024-08-08,PRD008,CUST0029,1,304.01,East,Sarah Wilson,Credit Card,304.01
TXN000750,2024-08-09,PRD022,CUST0106,7,230.68,North,Jennifer Davis,PayPal,1614.76
TXN000584,2024-08-09,PRD024,CUST0089,5,332.34,East,Michael Brown,Credit Card,1661.6999999999998
TXN000588,2024-08-10,PRD029,CUST0186,5,209.38,North,Jennifer Davis,Debit Card,1046.9
TXN000891,2024-08-10,PRD017,CUST0146,8,235.13,West,Robert Garcia,Cash,1881.04
TXN000113,2024-08-10,PRD038,CUST0111,4,143.35,North,David Lee,Cash,573.4
TXN000374,2024-08-10,PRD038,CUST0146,1,71.34,North,Mary Johnson,PayPal,71.34
TXN000384,2024-08-11,PRD050,CUST0035,5,233.06,West,Mary Johnson,Cash,1165.3
TXN000377,2024-08-11,PRD006,CUST0086,5,108.26,South,John Smith,Wire Transfer,541.3000000000001
TXN000508,2024-08-11,PRD017,CUST0115,4,74.13,South,David Lee,PayPal,296.52
TXN000765,2024-08-11,PRD003,CUST0051,6,53.67,Central,Mary Johnson,PayPal,322.02
TXN000594,2024-08-11,PRD015,CUST0158,5,208.03,South,Robert Garcia,Cash,1040.15
TXN000739,2024-08-12,PRD041,CUST0132,1,283.31,East,Lisa Martinez,Credit Card,283.31
TXN000803,2024-08-12,PRD018,CUST0106,3,324.08,West,John Smith,Credit Card,972.24
TXN000154,2024-08-12,PRD030,CUST0129,1,69.08,West,Mary Johnson,Cash,69.08
TXN000747,2024-08-12,PRD003,CUST0053,8,108.46,East,Mary Johnson,Credit Card,867.68
TXN000282,2024-08-12,PRD010,CUST0123,5,73.15,South,Lisa Martinez,PayPal,365.75
TXN000676,2024-08-13,PRD039,CUST0107,1,113.9,East,David Lee,Credit Card,113.9
TXN000867,2024-08-13,PRD024,CUST0009,2,19.4,South,Michael Brown,Cash,38.8
TXN000472,2024-08-13,PRD007,CUST0138,7,293.55,Central,Jennifer Davis,PayPal,2054.85
TXN000958,2024-08-13,PRD029,CUST0098,1,175.75,North,John Smith,Debit Card,175.75
TXN000926,2024-08-14,PRD015,CUST0186,4,389.58,North,David Lee,Cash,1558.32
TXN000415,2024-08-14,PRD030,CUST0172,8,402.29,North,Sarah Wilson,Credit Card,3218.32
TXN000416,2024-08-14,PRD049,CUST0025,2,108.07,West,Robert Garcia,Debit Card,216.14
TXN000312,2024-08-14,PRD020,CUST0144,7,295.26,Central,Sarah Wilson,PayPal,2066.8199999999997
TXN000208,2024-08-14,PRD028,CUST0150,9,91.85,Central,Jennifer Davis,Cash,826.65
TXN000762,2024-08-14,PRD046,CUST0107,6,422.6,Central,David Lee,Credit Card,2535.6000000000004
TXN000699,2024-08-14,PRD037,CUST0011,3,307.48,East,Michael Brown,Cash,922.44
TXN000797,2024-08-14,PRD012,CUST0009,9,49.65,West,Jennifer Davis,Debit Card,446.84999999999997
TXN000458,2024-08-14,PRD036,CUST0057,9,343.31,Central,Lisa Martinez,Debit Card,3089.79
TXN000894,2024-08-15,PRD014,CUST0012,1,478.11,South,Robert Garcia,Debit Card,478.11
TXN000461,2024-08-16,PRD029,CUST0123,3,136.26,North,Michael Brown,Credit Card,408.78
TXN000843,2024-08-16,PRD048,CUST0135,8,158.6,North,John Smith,Cash,1268.8
TXN000200,2024-08-17,PRD036,CUST0068,8,475.48,South,Michael Brown,Debit Card,3803.84
TXN000626,2024-08-17,PRD019,CUST0148,6,205.42,East,Sarah Wilson,Debit Card,1232.52
TXN000020,2024-08-17,PRD024,CUST0054,5,51.9,East,Jennifer Davis,Credit Card,259.5
TXN000464,2024-08-18,PRD013,CUST0192,3,366.31,North,Jennifer Davis,Credit Card,1098.93
TXN000698,2024-08-18,PRD033,CUST0155,8,324.57,Central,Jennifer Davis,Debit Card,2596.56
TXN000716,2024-08-18,PRD024,CUST0031,1,293.41,Central,Sarah Wilson,Debit Card,293.41
TXN000600,2024-08-18,PRD024,CUST0026,9,223.44,East,Robert Garcia,Debit Card,2010.96
TXN000156,2024-08-19,PRD039,CUST0012,1,351.18,South,Michael Brown,Cash,351.18
TXN000226,2024-08-20,PRD024,CUST0113,8,95.21,South,John Smith,Debit Card,761.68
TXN000781,2024-08-20,PRD013,CUST0190,6,304.29,West,Robert Garcia,Credit Card,1825.7400000000002
TXN000115,2024-08-20,PRD029,CUST0068,7,186.88,North,Lisa Martinez,Cash,1308.1599999999999
TXN000723,2024-08-20,PRD002,CUST0181,4,121.06,South,Robert Garcia,Credit Card,484.24
TXN000989,2024-08-20,PRD041,CUST0111,3,74.55,North,Jennifer Davis,Debit Card,223.64999999999998
TXN000640,2024-08-20,PRD027,CUST0016,3,464.25,South,David Lee,Credit Card,1392.75
TXN000054,2024-08-20,PRD013,CUST0188,6,267.59,West,Sarah Wilson,Cash,1605.54
TXN000530,2024-08-20,PRD025,CUST0012,9,435.45,North,Robert Garcia,Credit Card,3919.0499999999997
TXN000454,2024-08-21,PRD033,CUST0164,1,498.2,Central,John Smith,Credit Card,498.2
TXN000826,2024-08-21,PRD029,CUST0142,9,61.78,North,Lisa Martinez,PayPal,556.02
TXN000848,2024-08-21,PRD039,CUST0135,6,498.38,South,Sarah Wilson,Credit Card,2990.2799999999997
TXN000931,2024-08-21,PRD032,CUST0014,4,333.55,East,Lisa Martinez,Debit Card,1334.2
TXN000436,2024-08-21,PRD018,CUST0168,2,325.35,East,Michael Brown,PayPal,650.7
TXN000870,2024-08-21,PRD005,CUST0098,6,77.18,Central,Sarah Wilson,Credit Card,463.08000000000004
TXN000265,2024-08-22,PRD048,CUST0157,2,140.84,Central,Michael Brown,Debit Card,281.68
TXN000269,2024-08-22,PRD027,CUST0072,5,426.79,South,John Smith,Cash,2133.9500000000003
TXN000082,2024-08-22,PRD018,CUST0081,3,305.54,West,Michael Brown,Credit Card,916.6200000000001
TXN000038,2024-08-23,PRD045,CUST0117,9,474.74,East,Mary Johnson,Credit Card,4272.66
TXN000919,2024-08-23,PRD046,CUST0139,7,44.92,North,Jennifer Davis,Credit Card,314.44
TXN000351,2024-08-23,PRD021,CUST0166,5,448.11,South,Robert Garcia,Cash,2240.55
TXN000586,2024-08-23,PRD047,CUST0071,6,33.62,South,Michael Brown,Credit Card,201.71999999999997
TXN000790,2024-08-24,PRD024,CUST0140,7,410.55,East,Sarah Wilson,PayPal,2873.85
TXN000205,2024-08-24,PRD023,CUST0059,7,472.92,North,Jennifer Davis,Credit Card,3310.44
TXN000065,2024-08-24,PRD022,CUST0120,2,111.15,West,Sarah Wilson,Credit Card,222.3
TXN000815,2024-08-24,PRD006,CUST0016,6,190.09,South,Sarah Wilson,Credit Card,1140.54
TXN000917,2024-08-24,PRD020,CUST0100,1,361.0,North,Lisa Martinez,Credit Card,361.0
TXN000523,2024-08-24,PRD026,CUST0102,6,27.97,East,Jennifer Davis,Cash,167.82
TXN000450,2024-08-25,PRD042,CUST0198,4,254.12,West,Mary Johnson,Cash,1016.48
TXN000456,2024-08-25,PRD030,CUST0095,9,328.66,Central,Robert Garcia,Cash,2957.94
TXN000602,2024-08-25,PRD037,CUST0009,3,68.9,East,John Smith,Credit Card,206.70000000000002
TXN000490,2024-08-26,PRD019,CUST0141,3,126.4,West,Sarah Wilson,Credit Card,379.20000000000005
TXN000593,2024-08-26,PRD029,CUST0108,7,440.47,Central,John Smith,Credit Card,3083.29
TXN000922,2024-08-26,PRD041,CUST0194,5,371.38,North,Mary Johnson,Credit Card,1856.9
TXN000414,2024-08-26,PRD032,CUST0103,1,347.84,East,Mary Johnson,Debit Card,347.84
TXN000555,2024-08-26,PRD009,CUST0021,1,78.43,Central,John Smith,Wire Transfer,78.43
TXN000741,2024-08-27,PRD050,CUST0120,6,237.95,South,Jennifer Davis,Credit Card,1427.6999999999998
TXN000104,2024-08-27,PRD034,CUST0127,1,46.82,Central,David Lee,Debit Card,46.82
TXN000190,2024-08-27,PRD028,CUST0029,3,150.75,North,David Lee,Cash,452.25
TXN000978,2024-08-27,PRD011,CUST0024,6,235.66,East,Sarah Wilson,Credit Card,1413.96
TXN000515,2024-08-27,PRD038,CUST0145,1,175.13,East,Robert Garcia,Credit Card,175.13
TXN000348,2024-08-28,PRD002,CUST0074,8,144.37,Central,David Lee,Credit Card,1154.96
TXN000538,2024-08-28,PRD034,CUST0121,3,69.83,North,John Smith,Cash,209.49
TXN000768,2024-08-28,PRD003,CUST0098,2,414.77,East,Lisa Martinez,PayPal,829.54
TXN000760,2024-08-28,PRD009,CUST0149,4,464.23,East,Sarah Wilson,Cash,1856.92
TXN000717,2024-08-28,PRD005,CUST0192,4,144.34,South,John Smith,Credit Card,577.36
TXN000876,2024-08-28,PRD021,CUST0003,8,402.75,Central,John Smith,Cash,3222.0
TXN000674,2024-08-28,PRD036,CUST0144,5,443.26,South,Lisa Martinez,PayPal,2216.3
TXN000996,2024-08-29,PRD035,CUST0007,8,275.7,Central,Sarah Wilson,Debit Card,2205.6
TXN000824,2024-08-29,PRD011,CUST0002,4,258.01,North,Jennifer Davis,Credit Card,1032.04
TXN000635,2024-08-30,PRD006,CUST0134,9,105.93,East,Lisa Martinez,Cash,953.3700000000001
TXN000179,2024-08-30,PRD021,CUST0131,4,245.14,South,Robert Garcia,Credit Card,980.56
TXN000181,2024-08-30,PRD017,CUST0126,6,438.1,North,Jennifer Davis,Credit Card,2628.6000000000004
TXN000552,2024-08-30,PRD032,CUST0115,6,262.64,West,Michael Brown,Credit Card,1575.84
TXN000419,2024-08-30,PRD038,CUST0123,7,321.85,North,Michael Brown,Cash,2252.9500000000003
TXN000857,2024-08-30,PRD024,CUST0145,7,230.39,Central,Jennifer Davis,Cash,1612.73
TXN000434,2024-08-31,PRD041,CUST0003,3,410.48,East,Robert Garcia,PayPal,1231.44
TXN000463,2024-08-31,PRD042,CUST0117,5,435.45,Central,Robert Garcia,Credit Card,2177.25
TXN000624,2024-08-31,PRD034,CUST0148,3,177.21,South,Michael Brown,PayPal,531.63
TXN000144,2024-08-31,PRD040,CUST0096,6,485.82,West,John Smith,Credit Card,2914.92
TXN000681,2024-09-01,PRD019,CUST0063,9,183.18,South,Lisa Martinez,Debit Card,1648.6200000000001
TXN000239,2024-09-01,PRD036,CUST0187,2,140.14,West,Sarah Wilson,Credit Card,280.28
TXN000498,2024-09-01,PRD041,CUST0134,4,262.26,North,Michael Brown,PayPal,1049.04
TXN000675,2024-09-02,PRD047,CUST0106,6,121.76,Central,Robert Garcia,Credit Card,730.5600000000001
TXN000217,2024-09-03,PRD033,CUST0038,9,118.04,South,David Lee,Cash,1062.3600000000001
TXN000974,2024-09-03,PRD008,CUST0100,1,424.79,West,Sarah Wilson,Debit Card,424.79
TXN000652,2024-09-04,PRD007,CUST0165,5,309.06,North,David Lee,PayPal,1545.3
TXN000823,2024-09-04,PRD028,CUST0005,3,162.79,South,David Lee,Credit Card,488.37
TXN000592,2024-09-04,PRD048,CUST0170,5,371.84,East,David Lee,Debit Card,1859.1999999999998
TXN000844,2024-09-04,PRD044,CUST0039,8,59.51,West,Sarah Wilson,Credit Card,476.08
TXN000935,2024-09-04,PRD037,CUST0020,7,50.26,West,Jennifer Davis,Debit Card,351.82
TXN000216,2024-09-05,PRD037,CUST0098,9,96.5,South,Jennifer Davis,Credit Card,868.5
TXN000140,2024-09-05,PRD010,CUST0031,5,26.63,West,Robert Garcia,Debit Card,133.15
TXN000176,2024-09-05,PRD007,CUST0152,6,181.85,West,Sarah Wilson,Credit Card,1091.1
TXN000804,2024-09-05,PRD006,CUST0036,1,413.02,Central,John Smith,Credit Card,413.02
TXN000469,2024-09-05,PRD010,CUST0141,5,493.95,North,Michael Brown,PayPal,2469.75
TXN000509,2024-09-05,PRD047,CUST0015,8,485.21,North,David Lee,Debit Card,3881.68
TXN000229,2024-09-06,PRD018,CUST0039,8,351.05,West,David Lee,Credit Card,2808.4
TXN000505,2024-09-06,PRD044,CUST0126,7,331.8,East,Michael Brown,Debit Card,2322.6
TXN000609,2024-09-06,PRD033,CUST0190,7,200.39,North,Lisa Martinez,PayPal,1402.73
TXN000884,2024-09-06,PRD032,CUST0145,5,249.24,Central,John Smith,Credit Card,1246.2
TXN000582,2024-09-07,PRD003,CUST0064,3,329.1,West,David Lee,Credit Card,987.3000000000001
TXN000300,2024-09-07,PRD033,CUST0183,2,275.22,East,Mary Johnson,Cash,550.44
TXN000841,2024-09-07,PRD024,CUST0028,2,79.7,West,Robert Garcia,Credit Card,159.4
TXN000622,2024-09-07,PRD007,CUST0060,5,244.8,Central,Jennifer Davis,Cash,1224.0
TXN000130,2024-09-07,PRD028,CUST0019,1,249.82,Central,Mary Johnson,Cash,249.82
TXN000625,2024-09-08,PRD008,CUST0082,7,196.3,West,Robert Garcia,Debit Card,1374.1000000000001
TXN000670,2024-09-08,PRD002,CUST0182,5,320.24,North,Lisa Martinez,Debit Card,1601.2
TXN000685,2024-09-08,PRD004,CUST0166,8,413.08,South,Sarah Wilson,Debit Card,3304.64
TXN000766,2024-09-08,PRD019,CUST0085,3,380.08,West,John Smith,Cash,1140.24
TXN000746,2024-09-09,PRD009,CUST0082,4,348.1,North,Jennifer Davis,Debit Card,1392.4
TXN000094,2024-09-09,PRD016,CUST0101,8,115.32,Central,David Lee,Wire Transfer,922.56
TXN000861,2024-09-10,PRD003,CUST0077,1,415.49,South,David Lee,Cash,415.49
TXN000606,2024-09-10,PRD019,CUST0181,8,189.57,East,Robert Garcia,Credit Card,1516.56
TXN000777,2024-09-10,PRD017,CUST0196,1,281.36,East,Robert Garcia,Debit Card,281.36
TXN000440,2024-09-10,PRD033,CUST0016,7,39.57,West,Lisa Martinez,Debit Card,276.99
TXN000914,2024-09-11,PRD036,CUST0145,6,343.31,Central,Mary Johnson,Credit Card,2059.86
TXN000947,2024-09-11,PRD031,CUST0116,8,30.56,Central,Michael Brown,Credit Card,244.48
TXN000080,2024-09-12,PRD039,CUST0148,8,371.64,East,Lisa Martinez,Cash,2973.12
TXN000818,2024-09-12,PRD019,CUST0171,5,76.23,East,Mary Johnson,Credit Card,381.15000000000003
TXN000796,2024-09-12,PRD022,CUST0135,5,159.29,South,Mary Johnson,PayPal,796.4499999999999
TXN000745,2024-09-13,PRD022,CUST0195,7,95.9,Central,Mary Johnson,Debit Card,671.3000000000001
TXN000970,2024-09-13,PRD009,CUST0183,1,326.45,Central,Mary Johnson,PayPal,326.45
TXN000118,2024-09-13,PRD040,CUST0196,7,77.04,East,John Smith,Cash,539.2800000000001
TXN000864,2024-09-14,PRD044,CUST0168,1,15.41,South,David Lee,Wire Transfer,15.41
TXN000240,2024-09-14,PRD002,CUST0016,2,73.46,West,David Lee,Cash,146.92
TXN000459,2024-09-15,PRD048,CUST0057,7,45.38,East,Sarah Wilson,Debit Card,317.66
TXN000015,2024-09-15,PRD016,CUST0165,5,337.36,South,David Lee,PayPal,1686.8000000000002
TXN000299,2024-09-15,PRD049,CUST0074,2,382.9,West,Michael Brown,Cash,765.8
TXN000123,2024-09-16,PRD020,CUST0014,5,437.74,South,Michael Brown,Credit Card,2188.7
TXN000273,2024-09-16,PRD024,CUST0077,1,351.76,West,Lisa Martinez,Debit Card,351.76
TXN000120,2024-09-16,PRD047,CUST0094,6,228.54,East,Mary Johnson,Credit Card,1371.24
TXN000578,2024-09-16,PRD040,CUST0109,1,341.49,West,Jennifer Davis,PayPal,341.49
TXN000395,2024-09-16,PRD023,CUST0066,2,245.45,East,Michael Brown,Credit Card,490.9
TXN000836,2024-09-16,PRD004,CUST0129,1,497.48,Central,Sarah Wilson,Cash,497.48
TXN000093,2024-09-17,PRD023,CUST0024,7,368.96,West,Lisa Martinez,Debit Card,2582.72
TXN000820,2024-09-17,PRD029,CUST0124,5,279.27,South,Mary Johnson,Credit Card,1396.35
TXN000243,2024-09-17,PRD045,CUST0133,9,432.44,West,Lisa Martinez,Credit Card,3891.96
TXN000830,2024-09-17,PRD047,CUST0136,7,328.6,South,Jennifer Davis,Debit Card,2300.2000000000003
TXN000364,2024-09-17,PRD011,CUST0046,7,423.94,North,Sarah Wilson,Credit Card,2967.58
TXN000418,2024-09-18,PRD049,CUST0036,9,61.24,Central,Sarah Wilson,Debit Card,551.16
TXN000378,2024-09-18,PRD026,CUST0073,7,250.88,North,John Smith,Credit Card,1756.1599999999999
TXN000423,2024-09-20,PRD042,CUST0067,8,35.47,West,Lisa Martinez,Debit Card,283.76
TXN000173,2024-09-20,PRD026,CUST0158,7,470.14,East,Jennifer Davis,PayPal,3290.98
TXN000788,2024-09-20,PRD018,CUST0036,8,465.99,East,Sarah Wilson,Credit Card,3727.92
TXN000617,2024-09-21,PRD004,CUST0199,5,313.55,Central,David Lee,Debit Card,1567.75
TXN000155,2024-09-21,PRD033,CUST0011,5,47.71,South,David Lee,Cash,238.55
TXN000761,2024-09-22,PRD005,CUST0185,6,274.58,East,Robert Garcia,Cash,1647.48
TXN000794,2024-09-22,PRD029,CUST0165,4,404.9,Central,Jennifer Davis,PayPal,1619.6
TXN000449,2024-09-22,PRD005,CUST0181,1,332.77,North,Lisa Martinez,Debit Card,332.77
TXN000468,2024-09-23,PRD033,CUST0180,4,191.81,East,John Smith,Credit Card,767.24
TXN000386,2024-09-23,PRD005,CUST0120,2,45.5,West,Michael Brown,Credit Card,91.0
TXN000590,2024-09-24,PRD019,CUST0029,6,393.37,South,Sarah Wilson,Debit Card,2360.2200000000003
TXN000255,2024-09-24,PRD010,CUST0088,1,344.8,North,Robert Garcia,Credit Card,344.8
TXN000696,2024-09-24,PRD002,CUST0173,8,56.9,South,John Smith,Wire Transfer,455.2
TXN000654,2024-09-25,PRD042,CUST0098,3,143.59,East,Mary Johnson,Credit Card,430.77
TXN000869,2024-09-26,PRD049,CUST0104,1,382.54,South,John Smith,Credit Card,382.54
TXN000147,2024-09-27,PRD036,CUST0094,4,432.4,North,Mary Johnson,Debit Card,1729.6
TXN000105,2024-09-27,PRD008,CUST0153,5,366.81,North,Lisa Martinez,Debit Card,1834.05
TXN000284,2024-09-27,PRD049,CUST0144,1,374.32,Central,Robert Garcia,Credit Card,374.32
